kind,trial,concurrency,id,device_name,status,attempts,created_at,started_at,completed_at,e2e_seconds,queue_seconds,execution_duration
warmup,0,1,8d9bef79-c2c4-4b29-82c1-6b1d4c635b0b,bench-healthy-01,passed,1,2026-10-09 03:24:12.933544+00:00,2026-10-09 03:24:13.718172+00:00,2026-10-09 03:24:14.200746+00:00,1.267202,0.784628,0.4001473130000477
warmup,0,1,7e2e6e6e-046b-494c-a1b7-7241e940f030,bench-healthy-02,passed,1,2026-10-09 03:24:12.933544+00:00,2026-10-09 03:24:14.222334+00:00,2026-10-09 03:24:14.650921+00:00,1.717377,1.28879,0.40040862399996513
warmup,0,1,568dad4a-4edd-410a-aa21-f843d4fcf37e,bench-healthy-03,passed,1,2026-10-09 03:24:12.933544+00:00,2026-10-09 03:24:14.664590+00:00,2026-10-09 03:24:15.090247+00:00,2.156703,1.731046,0.4000313090000418
warmup,0,1,72a63d4f-88dc-496e-9d28-817256bf5d1c,bench-healthy-04,passed,1,2026-10-09 03:24:12.933544+00:00,2026-10-09 03:24:15.102798+00:00,2026-10-09 03:24:15.524472+00:00,2.590928,2.169254,0.3998924030000808
warmup,0,1,db492e55-6638-42c6-a96e-e250dbb028c1,bench-healthy-05,passed,1,2026-10-09 03:24:12.933544+00:00,2026-10-09 03:24:15.535946+00:00,2026-10-09 03:24:15.957024+00:00,3.02348,2.602402,0.39957979000007526
warmup,0,1,ac6f935f-2265-4e90-951d-36b861d748d6,bench-healthy-06,passed,1,2026-10-09 03:24:12.933544+00:00,2026-10-09 03:24:15.969259+00:00,2026-10-09 03:24:16.398593+00:00,3.465049,3.035715,0.3998706019999645
warmup,0,1,0eb1d04a-0e36-433b-b162-43359f61c8c7,bench-healthy-07,passed,1,2026-10-09 03:24:12.933544+00:00,2026-10-09 03:24:16.410832+00:00,2026-10-09 03:24:16.837440+00:00,3.903896,3.477288,0.40070773600007215
warmup,0,1,1dced963-f97e-4876-8c84-f66bee45ce10,bench-healthy-08,passed,1,2026-10-09 03:24:12.933544+00:00,2026-10-09 03:24:16.849657+00:00,2026-10-09 03:24:17.273959+00:00,4.340415,3.916113,0.4004944280000018
warmup,0,1,75dd64c6-8fb0-4391-a586-2266105d8040,bench-healthy-09,passed,1,2026-10-09 03:24:12.933544+00:00,2026-10-09 03:24:17.285897+00:00,2026-10-09 03:24:17.713992+00:00,4.780448,4.352353,0.4006690209999988
warmup,0,1,66d17449-fdb9-418b-bab0-db69f8424168,bench-healthy-10,passed,1,2026-10-09 03:24:12.933544+00:00,2026-10-09 03:24:17.724836+00:00,2026-10-09 03:24:18.144792+00:00,5.211248,4.791292,0.40001080100000763
warmup,0,1,99257ff8-21c2-4300-9d42-59846924f033,bench-healthy-11,passed,1,2026-10-09 03:24:12.933544+00:00,2026-10-09 03:24:18.156200+00:00,2026-10-09 03:24:18.579351+00:00,5.645807,5.222656,0.4000615040000639
warmup,0,1,7566782d-1438-4f9d-bfe3-2627e56152fb,bench-healthy-12,passed,1,2026-10-09 03:24:12.933544+00:00,2026-10-09 03:24:18.593397+00:00,2026-10-09 03:24:19.015941+00:00,6.082397,5.659853,0.4007502319999503
warmup,0,1,fbdc7d5f-6e5d-42af-9bd3-e797e7a61164,bench-healthy-13,passed,1,2026-10-09 03:24:12.933544+00:00,2026-10-09 03:24:19.029405+00:00,2026-10-09 03:24:19.451512+00:00,6.517968,6.095861,0.39994159899993065
warmup,0,1,40b52fcd-4b33-4650-adc9-cf0549d4fb1b,bench-healthy-14,passed,1,2026-10-09 03:24:12.933544+00:00,2026-10-09 03:24:19.462181+00:00,2026-10-09 03:24:19.888587+00:00,6.955043,6.528637,0.3997446910000235
warmup,0,1,72f92a0a-89d2-458b-89a9-fdc3c9d948d3,bench-healthy-15,passed,1,2026-10-09 03:24:12.933544+00:00,2026-10-09 03:24:19.902344+00:00,2026-10-09 03:24:20.325486+00:00,7.391942,6.9688,0.3999156979999725
warmup,0,1,890b069b-6146-4ee6-b423-b2a3a0382160,bench-healthy-16,passed,1,2026-10-09 03:24:12.933544+00:00,2026-10-09 03:24:20.336526+00:00,2026-10-09 03:24:20.763132+00:00,7.829588,7.402982,0.39937047499995515
load,1,1,5fbe5e2c-9f7b-4e12-a3a3-44ba275a65f9,bench-healthy-01,passed,1,2026-10-09 03:24:20.843661+00:00,2026-10-09 03:24:21.057979+00:00,2026-10-09 03:24:21.481307+00:00,0.637646,0.214318,0.39976499199997306
load,1,1,3ad8e69c-b302-464d-a22d-dba478aa6909,bench-healthy-02,passed,1,2026-10-09 03:24:20.843661+00:00,2026-10-09 03:24:21.493062+00:00,2026-10-09 03:24:21.915611+00:00,1.07195,0.649401,0.39997379999999794
load,1,1,b45384bd-71d8-4fdc-9958-2aecc0e0c643,bench-healthy-03,passed,1,2026-10-09 03:24:20.843661+00:00,2026-10-09 03:24:21.928778+00:00,2026-10-09 03:24:22.350292+00:00,1.506631,1.085117,0.4001421070000788
load,1,1,cc66879f-b5eb-4a64-b338-1f39388cbebb,bench-healthy-04,passed,1,2026-10-09 03:24:20.843661+00:00,2026-10-09 03:24:22.365673+00:00,2026-10-09 03:24:22.787392+00:00,1.943731,1.522012,0.3995431829999916
load,1,1,6f66adb5-59d0-4258-96ee-c2c990d59994,bench-healthy-05,passed,1,2026-10-09 03:24:20.843661+00:00,2026-10-09 03:24:22.799444+00:00,2026-10-09 03:24:23.220086+00:00,2.376425,1.955783,0.4000294020000865
load,1,1,96b3fb90-fbf7-476b-97e6-f0cfd43bc930,bench-healthy-06,passed,1,2026-10-09 03:24:20.843661+00:00,2026-10-09 03:24:23.230612+00:00,2026-10-09 03:24:23.670895+00:00,2.827234,2.386951,0.40004010300003756
load,1,1,81934464-2b86-435a-bd1b-759272a6fef1,bench-healthy-07,passed,1,2026-10-09 03:24:20.843661+00:00,2026-10-09 03:24:23.684066+00:00,2026-10-09 03:24:24.107649+00:00,3.263988,2.840405,0.399362574999941
load,1,1,d0902115-ead1-4a0e-ae58-a31149668fed,bench-healthy-08,passed,1,2026-10-09 03:24:20.843661+00:00,2026-10-09 03:24:24.119077+00:00,2026-10-09 03:24:24.543260+00:00,3.699599,3.275416,0.4003398150000521
load,1,1,f0bf4ec0-e348-49f1-b6ab-46d48d9b348d,bench-healthy-09,passed,1,2026-10-09 03:24:20.843661+00:00,2026-10-09 03:24:24.555216+00:00,2026-10-09 03:24:24.980091+00:00,4.13643,3.711555,0.39990729800001645
load,1,1,4c225409-d817-427a-82c5-89c9797ef87b,bench-healthy-10,passed,1,2026-10-09 03:24:20.843661+00:00,2026-10-09 03:24:24.994912+00:00,2026-10-09 03:24:25.418524+00:00,4.574863,4.151251,0.40105394500005787
load,1,1,95dcfefb-eb5c-40ce-8e0c-cf10c92e5286,bench-healthy-11,passed,1,2026-10-09 03:24:20.843661+00:00,2026-10-09 03:24:25.434464+00:00,2026-10-09 03:24:25.858055+00:00,5.014394,4.590803,0.4002427109999189
load,1,1,fe705d9e-9c5a-4cf6-8d11-c16f6e3145d8,bench-healthy-12,passed,1,2026-10-09 03:24:20.843661+00:00,2026-10-09 03:24:25.878218+00:00,2026-10-09 03:24:26.312703+00:00,5.469042,5.034557,0.4000317029999678
load,1,1,2c21276c-95ef-4bdb-ab49-eb387612d597,bench-healthy-13,passed,1,2026-10-09 03:24:20.843661+00:00,2026-10-09 03:24:26.322612+00:00,2026-10-09 03:24:26.741459+00:00,5.897798,5.478951,0.39991099799999574
load,1,1,9a2beffe-719b-44ae-af37-6d66ea145bd1,bench-healthy-14,passed,1,2026-10-09 03:24:20.843661+00:00,2026-10-09 03:24:26.751862+00:00,2026-10-09 03:24:27.173334+00:00,6.329673,5.908201,0.40087223700015784
load,1,1,2e986626-6362-4912-986b-8e22f68a55ad,bench-healthy-15,passed,1,2026-10-09 03:24:20.843661+00:00,2026-10-09 03:24:27.184397+00:00,2026-10-09 03:24:27.605092+00:00,6.761431,6.340736,0.39998130000003584
load,1,1,ecf77a54-5e7e-4d8c-a0a5-58b0611e847d,bench-healthy-16,passed,1,2026-10-09 03:24:20.843661+00:00,2026-10-09 03:24:27.617963+00:00,2026-10-09 03:24:28.039246+00:00,7.195585,6.774302,0.40011140499996145
load,2,1,fc5eafb7-a382-40f8-bf36-0f969af40cf7,bench-healthy-01,passed,1,2026-10-09 03:24:28.163865+00:00,2026-10-09 03:24:28.407729+00:00,2026-10-09 03:24:28.829362+00:00,0.665497,0.243864,0.3999754000001303
load,2,1,c740bc36-4ab1-4c66-94b4-930b4509be0c,bench-healthy-02,passed,1,2026-10-09 03:24:28.163865+00:00,2026-10-09 03:24:28.841997+00:00,2026-10-09 03:24:29.262724+00:00,1.098859,0.678132,0.4000055019998854
load,2,1,2dcf353f-f362-43ab-ace2-cdbbac9f6ba5,bench-healthy-03,passed,1,2026-10-09 03:24:28.163865+00:00,2026-10-09 03:24:29.276811+00:00,2026-10-09 03:24:29.702970+00:00,1.539105,1.112946,0.40004510299991125
load,2,1,88e8661d-d19d-4ea0-9d47-5d845669747c,bench-healthy-04,passed,1,2026-10-09 03:24:28.163865+00:00,2026-10-09 03:24:29.719456+00:00,2026-10-09 03:24:30.144004+00:00,1.980139,1.555591,0.4000657040000988
load,2,1,af515aee-fb7d-4f34-a684-654a13f34092,bench-healthy-05,passed,1,2026-10-09 03:24:28.163865+00:00,2026-10-09 03:24:30.157350+00:00,2026-10-09 03:24:30.580170+00:00,2.416305,1.993485,0.39992859799986036
load,2,1,843ed578-4d64-4f56-b648-03b2bcf68856,bench-healthy-06,passed,1,2026-10-09 03:24:28.163865+00:00,2026-10-09 03:24:30.595761+00:00,2026-10-09 03:24:31.020614+00:00,2.856749,2.431896,0.39995920000001206
load,2,1,7fe72ab4-27e5-46a3-9425-4d44f1c8d001,bench-healthy-07,passed,1,2026-10-09 03:24:28.163865+00:00,2026-10-09 03:24:31.031448+00:00,2026-10-09 03:24:31.451100+00:00,3.287235,2.867583,0.3998954959999992
load,2,1,174c2487-d5f3-4de5-969f-4dbab551acd0,bench-healthy-08,passed,1,2026-10-09 03:24:28.163865+00:00,2026-10-09 03:24:31.461278+00:00,2026-10-09 03:24:31.881520+00:00,3.717655,3.297413,0.4001025060001666
load,2,1,c1ba5218-0be3-4e83-8871-bbacd18bc592,bench-healthy-09,passed,1,2026-10-09 03:24:28.163865+00:00,2026-10-09 03:24:31.893480+00:00,2026-10-09 03:24:32.314525+00:00,4.15066,3.729615,0.4001293060000535
load,2,1,91f4d49a-d88b-4f14-ad8a-352ef519bfa5,bench-healthy-10,passed,1,2026-10-09 03:24:28.163865+00:00,2026-10-09 03:24:32.326558+00:00,2026-10-09 03:24:32.749877+00:00,4.586012,4.162693,0.40012070600005245
load,2,1,19269170-2793-4af1-8d4c-208241ca4eb1,bench-healthy-11,passed,1,2026-10-09 03:24:28.163865+00:00,2026-10-09 03:24:32.761721+00:00,2026-10-09 03:24:33.185641+00:00,5.021776,4.597856,0.40006180399996083
load,2,1,1e187bf6-07c4-422e-8df2-865f8e74a9cc,bench-healthy-12,passed,1,2026-10-09 03:24:28.163865+00:00,2026-10-09 03:24:33.196143+00:00,2026-10-09 03:24:33.619073+00:00,5.455208,5.032278,0.3999794999999722
load,2,1,750c37b7-9778-4bd8-ba6f-9606cb30d121,bench-healthy-13,passed,1,2026-10-09 03:24:28.163865+00:00,2026-10-09 03:24:33.630609+00:00,2026-10-09 03:24:34.052106+00:00,5.888241,5.466744,0.4000292680000257
load,2,1,d1361274-6ba8-4888-a758-849f288966d8,bench-healthy-14,passed,1,2026-10-09 03:24:28.163865+00:00,2026-10-09 03:24:34.063869+00:00,2026-10-09 03:24:34.483097+00:00,6.319232,5.900004,0.39996678600005
load,2,1,5d1fbca7-2694-4df5-ac81-9e17f2d2fd14,bench-healthy-15,passed,1,2026-10-09 03:24:28.163865+00:00,2026-10-09 03:24:34.499423+00:00,2026-10-09 03:24:34.930465+00:00,6.7666,6.335558,0.40001448799989703
load,2,1,91231829-1430-4f06-9825-6aee123a0ecb,bench-healthy-16,passed,1,2026-10-09 03:24:28.163865+00:00,2026-10-09 03:24:34.943223+00:00,2026-10-09 03:24:35.368181+00:00,7.204316,6.779358,0.40014139400000204
load,3,1,0d8c92d0-e400-4d6b-a276-593bd4f37ac4,bench-healthy-01,passed,1,2026-10-09 03:24:35.505144+00:00,2026-10-09 03:24:35.884330+00:00,2026-10-09 03:24:36.346760+00:00,0.841616,0.379186,0.40101953099997445
load,3,1,c722619e-2ad4-4500-a05d-a4c446d67998,bench-healthy-02,passed,1,2026-10-09 03:24:35.505144+00:00,2026-10-09 03:24:36.362403+00:00,2026-10-09 03:24:36.788232+00:00,1.283088,0.857259,0.40100473000006787
load,3,1,2707b07d-99a9-4da6-8ca4-407b698d5c88,bench-healthy-03,passed,1,2026-10-09 03:24:35.505144+00:00,2026-10-09 03:24:36.800128+00:00,2026-10-09 03:24:37.222944+00:00,1.7178,1.294984,0.3998635830000694
load,3,1,e24e8299-d7e8-4a0a-afb5-78fd8e6f83c5,bench-healthy-04,passed,1,2026-10-09 03:24:35.505144+00:00,2026-10-09 03:24:37.237663+00:00,2026-10-09 03:24:37.660596+00:00,2.155452,1.732519,0.4001777949999905
load,3,1,3059f3d9-7dd4-465f-94d4-f4f40aaa92c0,bench-healthy-05,passed,1,2026-10-09 03:24:35.505144+00:00,2026-10-09 03:24:37.703044+00:00,2026-10-09 03:24:38.124287+00:00,2.619143,2.1979,0.40034830299987334
load,3,1,b48db642-35e5-480f-9346-9b28fefb4958,bench-healthy-06,passed,1,2026-10-09 03:24:35.505144+00:00,2026-10-09 03:24:38.136545+00:00,2026-10-09 03:24:38.560344+00:00,3.0552,2.631401,0.4001083919999928
load,3,1,f5b5279d-ea13-42ab-a509-3622e8d412bf,bench-healthy-07,passed,1,2026-10-09 03:24:35.505144+00:00,2026-10-09 03:24:38.572030+00:00,2026-10-09 03:24:38.992235+00:00,3.487091,3.066886,0.40100443000005725
load,3,1,5c1d75f8-a431-4441-bce4-fde1a8111035,bench-healthy-08,passed,1,2026-10-09 03:24:35.505144+00:00,2026-10-09 03:24:39.004051+00:00,2026-10-09 03:24:39.422282+00:00,3.917138,3.498907,0.40000468800008093
load,3,1,344490ba-960e-4dda-8afe-1ff57a71b3d2,bench-healthy-09,passed,1,2026-10-09 03:24:35.505144+00:00,2026-10-09 03:24:39.433386+00:00,2026-10-09 03:24:39.853099+00:00,4.347955,3.928242,0.40052221000019017
load,3,1,ed6198da-6797-4b8f-a5ca-2c25584cfe75,bench-healthy-10,passed,1,2026-10-09 03:24:35.505144+00:00,2026-10-09 03:24:39.864167+00:00,2026-10-09 03:24:40.287971+00:00,4.782827,4.359023,0.40016269499983537
load,3,1,7c107bfc-ea92-46a4-bfbf-0e4376b75456,bench-healthy-11,passed,1,2026-10-09 03:24:35.505144+00:00,2026-10-09 03:24:40.298474+00:00,2026-10-09 03:24:40.718451+00:00,5.213307,4.79333,0.4000635899999452
load,3,1,4852d445-8ba7-44ef-848e-0835bb907f80,bench-healthy-12,passed,1,2026-10-09 03:24:35.505144+00:00,2026-10-09 03:24:40.729722+00:00,2026-10-09 03:24:41.152145+00:00,5.647001,5.224578,0.4002962000001844
load,3,1,6f5bb364-0be5-40ae-9a16-ab617d755a63,bench-healthy-13,passed,1,2026-10-09 03:24:35.505144+00:00,2026-10-09 03:24:41.163951+00:00,2026-10-09 03:24:41.585375+00:00,6.080231,5.658807,0.4001633950001633
load,3,1,d1ae7092-489a-4e80-877b-792b2c0cfd7d,bench-healthy-14,passed,1,2026-10-09 03:24:35.505144+00:00,2026-10-09 03:24:41.599867+00:00,2026-10-09 03:24:42.026868+00:00,6.521724,6.094723,0.4001569389999986
load,3,1,280c5e00-220d-4650-a9c0-e5f8d60f4ff8,bench-healthy-15,passed,1,2026-10-09 03:24:35.505144+00:00,2026-10-09 03:24:42.037691+00:00,2026-10-09 03:24:42.458886+00:00,6.953742,6.532547,0.4000245029999405
load,3,1,a621324a-6143-46d1-8f78-90e102cc1def,bench-healthy-16,passed,1,2026-10-09 03:24:35.505144+00:00,2026-10-09 03:24:42.468897+00:00,2026-10-09 03:24:42.888273+00:00,7.383129,6.963753,0.40059072600001855
load,4,1,246579f0-6a41-416b-8cdd-70ff507b5abf,bench-healthy-01,passed,1,2026-10-09 03:24:42.982581+00:00,2026-10-09 03:24:43.282754+00:00,2026-10-09 03:24:43.706728+00:00,0.724147,0.300173,0.40033691600001475
load,4,1,df8eb027-4cdf-4783-ab27-5b4cc5e62758,bench-healthy-02,passed,1,2026-10-09 03:24:42.982581+00:00,2026-10-09 03:24:43.722527+00:00,2026-10-09 03:24:44.144160+00:00,1.161579,0.739946,0.40000120199988487
load,4,1,291da10c-ce93-4ad2-94ad-84c663a2dcd8,bench-healthy-03,passed,1,2026-10-09 03:24:42.982581+00:00,2026-10-09 03:24:44.155847+00:00,2026-10-09 03:24:44.578448+00:00,1.595867,1.173266,0.4009401410000919
load,4,1,6b0cde40-f763-439f-b8ff-c7d9ac150eda,bench-healthy-04,passed,1,2026-10-09 03:24:42.982581+00:00,2026-10-09 03:24:44.590795+00:00,2026-10-09 03:24:45.011574+00:00,2.028993,1.608214,0.399909598000022
load,4,1,7e757b2d-ce64-41a5-b83f-5ea0b94d66ed,bench-healthy-05,passed,1,2026-10-09 03:24:42.982581+00:00,2026-10-09 03:24:45.022554+00:00,2026-10-09 03:24:45.441821+00:00,2.45924,2.039973,0.39988759699986076
load,4,1,9622c789-a180-455d-8655-2a80e52006e8,bench-healthy-06,passed,1,2026-10-09 03:24:42.982581+00:00,2026-10-09 03:24:45.453762+00:00,2026-10-09 03:24:45.878072+00:00,2.895491,2.471181,0.4009406420000232
load,4,1,0675fdd4-7f96-46ad-aa40-00fd362f13c7,bench-healthy-07,passed,1,2026-10-09 03:24:42.982581+00:00,2026-10-09 03:24:45.906181+00:00,2026-10-09 03:24:46.344252+00:00,3.361671,2.9236,0.4001469070001349
load,4,1,629aea3f-151a-4d9f-b6fb-8fffdefa3cf4,bench-healthy-08,passed,1,2026-10-09 03:24:42.982581+00:00,2026-10-09 03:24:46.378593+00:00,2026-10-09 03:24:46.805752+00:00,3.823171,3.396012,0.39998660099990957
load,4,1,ccef782c-0f4a-4437-887e-36612a1c8dc0,bench-healthy-09,passed,1,2026-10-09 03:24:42.982581+00:00,2026-10-09 03:24:46.818207+00:00,2026-10-09 03:24:47.249737+00:00,4.267156,3.835626,0.40029891399990447
load,4,1,4addb715-b1ed-43b5-aaec-aa510e04344c,bench-healthy-10,passed,1,2026-10-09 03:24:42.982581+00:00,2026-10-09 03:24:47.262320+00:00,2026-10-09 03:24:47.687071+00:00,4.70449,4.279739,0.40092664100006914
load,4,1,37de81ad-1c62-4313-9e21-cf9eb5578590,bench-healthy-11,passed,1,2026-10-09 03:24:42.982581+00:00,2026-10-09 03:24:47.696518+00:00,2026-10-09 03:24:48.118335+00:00,5.135754,4.713937,0.4010584469999685
load,4,1,a849d5e6-0c3e-4d6c-8bb4-3d37532e8e61,bench-healthy-12,passed,1,2026-10-09 03:24:42.982581+00:00,2026-10-09 03:24:48.131332+00:00,2026-10-09 03:24:48.553026+00:00,5.570445,5.148751,0.4000197029999981
load,4,1,de6072eb-3c77-4a68-8d88-967ee0736000,bench-healthy-13,passed,1,2026-10-09 03:24:42.982581+00:00,2026-10-09 03:24:48.564671+00:00,2026-10-09 03:24:48.989313+00:00,6.006732,5.58209,0.40082823600005213
load,4,1,b92873ae-29e5-48ce-863c-5cd5525ab768,bench-healthy-14,passed,1,2026-10-09 03:24:42.982581+00:00,2026-10-09 03:24:49.000081+00:00,2026-10-09 03:24:49.422932+00:00,6.440351,6.0175,0.40000850100000207
load,4,1,6a808592-8b4b-479c-8fba-3f47d77a7e2e,bench-healthy-15,passed,1,2026-10-09 03:24:42.982581+00:00,2026-10-09 03:24:49.432757+00:00,2026-10-09 03:24:49.852232+00:00,6.869651,6.450176,0.39997822800000904
load,4,1,14514df9-d01c-4ec4-a6ca-33790ca00e41,bench-healthy-16,passed,1,2026-10-09 03:24:42.982581+00:00,2026-10-09 03:24:49.862722+00:00,2026-10-09 03:24:50.283738+00:00,7.301157,6.880141,0.40001410900003975
load,5,1,10533dd1-b067-40dc-afb7-16b6abf9976a,bench-healthy-01,passed,1,2026-10-09 03:24:50.409861+00:00,2026-10-09 03:24:50.658289+00:00,2026-10-09 03:24:51.086875+00:00,0.677014,0.248428,0.40058233199988535
load,5,1,e7f7000a-a14d-49ba-80a1-b02b4eb3a8dc,bench-healthy-02,passed,1,2026-10-09 03:24:50.409861+00:00,2026-10-09 03:24:51.099474+00:00,2026-10-09 03:24:51.517496+00:00,1.107635,0.689613,0.39994610500002636
load,5,1,71f49e73-10de-4aed-af30-4b16b7743fe0,bench-healthy-03,passed,1,2026-10-09 03:24:50.409861+00:00,2026-10-09 03:24:51.532631+00:00,2026-10-09 03:24:51.956805+00:00,1.546944,1.12277,0.39995590600005926
load,5,1,ba05467c-a242-48a6-9914-6b263ae75e9b,bench-healthy-04,passed,1,2026-10-09 03:24:50.409861+00:00,2026-10-09 03:24:51.967858+00:00,2026-10-09 03:24:52.386688+00:00,1.976827,1.557997,0.39993680500015216
load,5,1,617357b6-27d2-481a-b066-fe4f7907ecf1,bench-healthy-05,passed,1,2026-10-09 03:24:50.409861+00:00,2026-10-09 03:24:52.403578+00:00,2026-10-09 03:24:52.835124+00:00,2.425263,1.993717,0.4000501099999383
load,5,1,aefef713-d777-4df9-9c95-f54912e934b1,bench-healthy-06,passed,1,2026-10-09 03:24:50.409861+00:00,2026-10-09 03:24:52.878046+00:00,2026-10-09 03:24:53.297876+00:00,2.888015,2.468185,0.3999714059998496
load,5,1,511f0f99-a973-4914-9cb7-62ba7e568e62,bench-healthy-07,passed,1,2026-10-09 03:24:50.409861+00:00,2026-10-09 03:24:53.308305+00:00,2026-10-09 03:24:53.729338+00:00,3.319477,2.898444,0.39999240700012706
load,5,1,6f77d540-da9c-4ee2-b637-6b451e42a96d,bench-healthy-08,passed,1,2026-10-09 03:24:50.409861+00:00,2026-10-09 03:24:53.741734+00:00,2026-10-09 03:24:54.164120+00:00,3.754259,3.331873,0.4001260130000901
load,5,1,f14fae14-1a9d-4ec2-8e51-49976dff709e,bench-healthy-09,passed,1,2026-10-09 03:24:50.409861+00:00,2026-10-09 03:24:54.177222+00:00,2026-10-09 03:24:54.602228+00:00,4.192367,3.767361,0.3999248049999551
load,5,1,f4980f47-44d1-429a-8226-f43ed8664aba,bench-healthy-10,passed,1,2026-10-09 03:24:50.409861+00:00,2026-10-09 03:24:54.614216+00:00,2026-10-09 03:24:55.038209+00:00,4.628348,4.204355,0.4000177089999397
load,5,1,eaae755e-7917-4b15-8e01-74c7010d9588,bench-healthy-11,passed,1,2026-10-09 03:24:50.409861+00:00,2026-10-09 03:24:55.048574+00:00,2026-10-09 03:24:55.469420+00:00,5.059559,4.638713,0.40009281199991165
load,5,1,bf1d5ebf-5930-4c1e-9b85-047cb946c3e0,bench-healthy-12,passed,1,2026-10-09 03:24:50.409861+00:00,2026-10-09 03:24:55.478968+00:00,2026-10-09 03:24:55.898695+00:00,5.488834,5.069107,0.40005171000007067
load,5,1,9e209c76-de3c-4c01-9c46-6483f5d3f81a,bench-healthy-13,passed,1,2026-10-09 03:24:50.409861+00:00,2026-10-09 03:24:55.931599+00:00,2026-10-09 03:24:56.368733+00:00,5.958872,5.521738,0.3997660979998727
load,5,1,3312d1ea-e21b-4fb8-8dfd-f6b35ed8aa2b,bench-healthy-14,passed,1,2026-10-09 03:24:50.409861+00:00,2026-10-09 03:24:56.385528+00:00,2026-10-09 03:24:56.812363+00:00,6.402502,5.975667,0.4003534230000696
load,5,1,a26589a3-9438-462b-9f1c-5a586385f8ef,bench-healthy-15,passed,1,2026-10-09 03:24:50.409861+00:00,2026-10-09 03:24:56.829696+00:00,2026-10-09 03:24:57.267611+00:00,6.85775,6.419835,0.3999449049999839
load,5,1,e94ef6d0-d666-41b7-828d-d3479b546506,bench-healthy-16,passed,1,2026-10-09 03:24:50.409861+00:00,2026-10-09 03:24:57.282176+00:00,2026-10-09 03:24:57.711181+00:00,7.30132,6.872315,0.4002097169998251
warmup,0,2,36e0d3f9-e847-4d83-a5d2-e8afb224d216,bench-healthy-01,passed,1,2026-10-09 03:25:35.349027+00:00,2026-10-09 03:25:35.423203+00:00,2026-10-09 03:25:35.903035+00:00,0.554008,0.074176,0.4000617080000666
warmup,0,2,d31629fc-b0cb-4637-a328-666cfea87c67,bench-healthy-02,passed,1,2026-10-09 03:25:35.349027+00:00,2026-10-09 03:25:35.435048+00:00,2026-10-09 03:25:35.915614+00:00,0.566587,0.086021,0.4009654479998517
warmup,0,2,a4bc51b1-59e5-40cb-9b36-82a9cec38976,bench-healthy-03,passed,1,2026-10-09 03:25:35.349027+00:00,2026-10-09 03:25:35.919587+00:00,2026-10-09 03:25:36.348670+00:00,0.999643,0.57056,0.39998290500011535
warmup,0,2,2aedb443-624e-4111-b8cd-c24cae69d8a3,bench-healthy-04,passed,1,2026-10-09 03:25:35.349027+00:00,2026-10-09 03:25:35.930500+00:00,2026-10-09 03:25:36.358529+00:00,1.009502,0.581473,0.3998580999998467
warmup,0,2,10419fb5-d907-4622-a2d3-da9d1da4cda2,bench-healthy-05,passed,1,2026-10-09 03:25:35.349027+00:00,2026-10-09 03:25:36.359700+00:00,2026-10-09 03:25:36.791624+00:00,1.442597,1.010673,0.3999445030001425
warmup,0,2,9984a13b-39a7-4d89-8d30-22f6912e76af,bench-healthy-06,passed,1,2026-10-09 03:25:35.349027+00:00,2026-10-09 03:25:36.372753+00:00,2026-10-09 03:25:36.799491+00:00,1.450464,1.023726,0.39991240199992717
warmup,0,2,ba6530cc-8c00-462d-a6b6-d280eeb3e4cf,bench-healthy-07,passed,1,2026-10-09 03:25:35.349027+00:00,2026-10-09 03:25:36.804223+00:00,2026-10-09 03:25:37.230976+00:00,1.881949,1.455196,0.3999647040000127
warmup,0,2,647fef4e-c30a-4bff-ad97-ab91076d6ce1,bench-healthy-08,passed,1,2026-10-09 03:25:35.349027+00:00,2026-10-09 03:25:36.812532+00:00,2026-10-09 03:25:37.236367+00:00,1.88734,1.463505,0.39989240099998824
warmup,0,2,613be4f3-e033-439c-b15c-255c4ae2f094,bench-healthy-09,passed,1,2026-10-09 03:25:35.349027+00:00,2026-10-09 03:25:37.246335+00:00,2026-10-09 03:25:37.671965+00:00,2.322938,1.897308,0.39999010500014265
warmup,0,2,f1f53ce6-16bf-4416-8a39-a2204298a9d1,bench-healthy-10,passed,1,2026-10-09 03:25:35.349027+00:00,2026-10-09 03:25:37.250960+00:00,2026-10-09 03:25:37.676580+00:00,2.327553,1.901933,0.3999456030001056
warmup,0,2,5f763833-be38-43bc-b37e-27d6e399bdf4,bench-healthy-11,passed,1,2026-10-09 03:25:35.349027+00:00,2026-10-09 03:25:37.684038+00:00,2026-10-09 03:25:38.109542+00:00,2.760515,2.335011,0.4009304169999268
warmup,0,2,0c9fc122-90eb-4f1e-ae1b-78c21b6d3298,bench-healthy-12,passed,1,2026-10-09 03:25:35.349027+00:00,2026-10-09 03:25:37.688183+00:00,2026-10-09 03:25:38.115080+00:00,2.766053,2.339156,0.4005108950000249
warmup,0,2,ab9af79b-01fd-44e8-b011-0d4f1a72718c,bench-healthy-13,passed,1,2026-10-09 03:25:35.349027+00:00,2026-10-09 03:25:38.122063+00:00,2026-10-09 03:25:38.552176+00:00,3.203149,2.773036,0.40016763299991
warmup,0,2,02322d12-216c-49bf-b0f4-bde5d304b56d,bench-healthy-14,passed,1,2026-10-09 03:25:35.349027+00:00,2026-10-09 03:25:38.128876+00:00,2026-10-09 03:25:38.555900+00:00,3.206873,2.779849,0.4000805289999789
warmup,0,2,9fcf6698-cf01-4203-9799-b8f6dc9ef0db,bench-healthy-15,passed,1,2026-10-09 03:25:35.349027+00:00,2026-10-09 03:25:38.565009+00:00,2026-10-09 03:25:38.988304+00:00,3.639277,3.215982,0.4000341270000263
warmup,0,2,50cefca1-ff78-4f63-9951-5a5787637ae2,bench-healthy-16,passed,1,2026-10-09 03:25:35.349027+00:00,2026-10-09 03:25:38.569099+00:00,2026-10-09 03:25:38.993050+00:00,3.644023,3.220072,0.39947520300006545
load,1,2,cc30f432-c0fe-42ff-8111-9f7dc1ff6141,bench-healthy-01,passed,1,2026-10-09 03:25:39.118661+00:00,2026-10-09 03:25:39.152506+00:00,2026-10-09 03:25:39.600538+00:00,0.481877,0.033845,0.3999488230001589
load,1,2,56b2d124-8ef9-4d35-997f-570f7b329131,bench-healthy-02,passed,1,2026-10-09 03:25:39.118661+00:00,2026-10-09 03:25:39.159763+00:00,2026-10-09 03:25:39.611295+00:00,0.492634,0.041102,0.40111777300012363
load,1,2,205a1685-0b5e-40a9-96c5-53c4c67c28c3,bench-healthy-03,passed,1,2026-10-09 03:25:39.118661+00:00,2026-10-09 03:25:39.615195+00:00,2026-10-09 03:25:40.043365+00:00,0.924704,0.496534,0.4009686669999155
load,1,2,b6060833-72f1-4e31-9640-baff95a889eb,bench-healthy-04,passed,1,2026-10-09 03:25:39.118661+00:00,2026-10-09 03:25:39.636759+00:00,2026-10-09 03:25:40.060290+00:00,0.941629,0.518098,0.40027633699992293
load,1,2,2b058a4e-289d-4642-8fcc-600b1ae9d014,bench-healthy-05,passed,1,2026-10-09 03:25:39.118661+00:00,2026-10-09 03:25:40.057233+00:00,2026-10-09 03:25:40.479194+00:00,1.360533,0.938572,0.39970181299986507
load,1,2,62e81c0e-9176-49c3-8585-c6453c001ef6,bench-healthy-06,passed,1,2026-10-09 03:25:39.118661+00:00,2026-10-09 03:25:40.073529+00:00,2026-10-09 03:25:40.495535+00:00,1.376874,0.954868,0.4001087300000563
load,1,2,af982b97-bb58-4371-ad4d-b8428749dbac,bench-healthy-07,passed,1,2026-10-09 03:25:39.118661+00:00,2026-10-09 03:25:40.491028+00:00,2026-10-09 03:25:40.915036+00:00,1.796375,1.372367,0.40102476999982173
load,1,2,fe84a557-5834-4e9d-94e0-d8d4cd88c88e,bench-healthy-08,passed,1,2026-10-09 03:25:39.118661+00:00,2026-10-09 03:25:40.507448+00:00,2026-10-09 03:25:40.933089+00:00,1.814428,1.388787,0.40102366900009656
load,1,2,32affc92-46ee-4cf1-a78b-df4982f82a8c,bench-healthy-09,passed,1,2026-10-09 03:25:39.118661+00:00,2026-10-09 03:25:40.927192+00:00,2026-10-09 03:25:41.353096+00:00,2.234435,1.808531,0.40024813599984554
load,1,2,c35d4b96-77a6-4a6f-9e08-0d24b93d871c,bench-healthy-10,passed,1,2026-10-09 03:25:39.118661+00:00,2026-10-09 03:25:40.946924+00:00,2026-10-09 03:25:41.372487+00:00,2.253826,1.828263,0.3999986250000802
load,1,2,b8d253d8-36ff-4431-8144-b6071591d3ae,bench-healthy-11,passed,1,2026-10-09 03:25:39.118661+00:00,2026-10-09 03:25:41.376282+00:00,2026-10-09 03:25:41.824654+00:00,2.705993,2.257621,0.39957540699992933
load,1,2,33767a2b-8771-4518-909f-37abc8538076,bench-healthy-12,passed,1,2026-10-09 03:25:39.118661+00:00,2026-10-09 03:25:41.389503+00:00,2026-10-09 03:25:41.831905+00:00,2.713244,2.270842,0.40013593100002254
load,1,2,d984e2c8-1def-4254-bfe8-8e767033fbbd,bench-healthy-13,passed,1,2026-10-09 03:25:39.118661+00:00,2026-10-09 03:25:41.839870+00:00,2026-10-09 03:25:42.262000+00:00,3.143339,2.721209,0.4000664290001623
load,1,2,3cd6a22e-62cf-4a5c-8ff5-451b0bd512ef,bench-healthy-14,passed,1,2026-10-09 03:25:39.118661+00:00,2026-10-09 03:25:41.842844+00:00,2026-10-09 03:25:42.267476+00:00,3.148815,2.724183,0.40001542599998174
load,1,2,4f2d3fc9-0800-47b2-a5ce-c91b52bf8d8a,bench-healthy-15,passed,1,2026-10-09 03:25:39.118661+00:00,2026-10-09 03:25:42.274976+00:00,2026-10-09 03:25:42.699009+00:00,3.580348,3.156315,0.399946724000074
load,1,2,1bd8f52f-409f-4179-8dc3-2153538aa399,bench-healthy-16,passed,1,2026-10-09 03:25:39.118661+00:00,2026-10-09 03:25:42.282187+00:00,2026-10-09 03:25:42.704074+00:00,3.585413,3.163526,0.3999607240000387
load,2,2,1bee3dcb-7edb-4f25-8973-dc661c757fb2,bench-healthy-01,passed,1,2026-10-09 03:25:42.830079+00:00,2026-10-09 03:25:42.852433+00:00,2026-10-09 03:25:44.282432+00:00,1.452353,0.022354,0.4002855369999452
load,2,2,b19abd63-3db4-4763-ba81-985da78218be,bench-healthy-02,passed,1,2026-10-09 03:25:42.830079+00:00,2026-10-09 03:25:46.970691+00:00,2026-10-09 03:25:47.390524+00:00,4.560445,4.140612,0.3997231609998835
load,2,2,75c0a2f1-416b-4be3-b4e6-0afbaef8161b,bench-healthy-03,passed,1,2026-10-09 03:25:42.830079+00:00,2026-10-09 03:25:43.892582+00:00,2026-10-09 03:25:44.314658+00:00,1.484579,1.062503,0.3999572239999907
load,2,2,d076ec71-829b-4b0a-a047-efed3917609a,bench-healthy-04,passed,1,2026-10-09 03:25:42.830079+00:00,2026-10-09 03:25:44.294451+00:00,2026-10-09 03:25:44.718527+00:00,1.888448,1.464372,0.39997422500005086
load,2,2,11c45ca8-2469-4c7a-8b57-fc47f58edf25,bench-healthy-05,passed,1,2026-10-09 03:25:42.830079+00:00,2026-10-09 03:25:44.326610+00:00,2026-10-09 03:25:44.752255+00:00,1.922176,1.496531,0.4003542400000697
load,2,2,ecfc50d9-8a49-4679-90e0-1b8e1a8a4b49,bench-healthy-06,passed,1,2026-10-09 03:25:42.830079+00:00,2026-10-09 03:25:44.730961+00:00,2026-10-09 03:25:45.153721+00:00,2.323642,1.900882,0.4000155259998337
load,2,2,a6d310ef-48b3-4d4e-88d0-9fdb5b9219c5,bench-healthy-07,passed,1,2026-10-09 03:25:42.830079+00:00,2026-10-09 03:25:44.764180+00:00,2026-10-09 03:25:45.190326+00:00,2.360247,1.934101,0.4001780329999747
load,2,2,3901bc1f-3752-482b-a56c-2f4303066256,bench-healthy-08,passed,1,2026-10-09 03:25:42.830079+00:00,2026-10-09 03:25:45.165342+00:00,2026-10-09 03:25:45.588090+00:00,2.758011,2.335263,0.3999051220000638
load,2,2,2fc1abeb-2aa0-480e-8152-544b6e1023ed,bench-healthy-09,passed,1,2026-10-09 03:25:42.830079+00:00,2026-10-09 03:25:45.201114+00:00,2026-10-09 03:25:45.621293+00:00,2.791214,2.371035,0.40009893000001284
load,2,2,aeaef13e-b2d8-43fb-995b-ae89e5448d20,bench-healthy-10,passed,1,2026-10-09 03:25:42.830079+00:00,2026-10-09 03:25:45.600480+00:00,2026-10-09 03:25:46.021887+00:00,3.191808,2.770401,0.40006159600011415
load,2,2,3db83402-5ec4-4f2b-a7f3-aaeb6a8b14f0,bench-healthy-11,passed,1,2026-10-09 03:25:42.830079+00:00,2026-10-09 03:25:45.633368+00:00,2026-10-09 03:25:46.056193+00:00,3.226114,2.803289,0.40009093399999074
load,2,2,e55ec5cb-4baf-4934-8a5a-4a6de15bdcac,bench-healthy-12,passed,1,2026-10-09 03:25:42.830079+00:00,2026-10-09 03:25:46.061916+00:00,2026-10-09 03:25:46.487304+00:00,3.657225,3.231837,0.3999236680001559
load,2,2,717d64d1-d8df-433e-85f2-68be1850243a,bench-healthy-13,passed,1,2026-10-09 03:25:42.830079+00:00,2026-10-09 03:25:46.069137+00:00,2026-10-09 03:25:46.493544+00:00,3.663465,3.239058,0.3999039679999896
load,2,2,5677f404-5f36-4c89-955d-e50f00e6f534,bench-healthy-14,passed,1,2026-10-09 03:25:42.830079+00:00,2026-10-09 03:25:46.501950+00:00,2026-10-09 03:25:46.926593+00:00,4.096514,3.671871,0.39997427100001914
load,2,2,75981f53-6693-4c9b-97cb-0c25ade6a2e7,bench-healthy-15,passed,1,2026-10-09 03:25:42.830079+00:00,2026-10-09 03:25:46.508596+00:00,2026-10-09 03:25:46.931674+00:00,4.101595,3.678517,0.3999153690001549
load,2,2,33f5e990-89ed-41a0-b434-59d2264c6203,bench-healthy-16,passed,1,2026-10-09 03:25:42.830079+00:00,2026-10-09 03:25:46.937969+00:00,2026-10-09 03:25:47.363130+00:00,4.533051,4.10789,0.4009750109999004
load,3,2,5caf6a7a-bf2c-4bcb-b9db-0f5676e3c5d6,bench-healthy-01,passed,1,2026-10-09 03:25:47.505659+00:00,2026-10-09 03:25:47.527592+00:00,2026-10-09 03:25:47.950741+00:00,0.445082,0.021933,0.3999406689999887
load,3,2,ec7db237-0386-4d3f-9972-38e9c645e0b9,bench-healthy-02,passed,1,2026-10-09 03:25:47.505659+00:00,2026-10-09 03:25:47.528941+00:00,2026-10-09 03:25:47.956948+00:00,0.451289,0.023282,0.4002809830001297
load,3,2,506ef57c-acfa-45e6-913f-1cdcc1c42c04,bench-healthy-03,passed,1,2026-10-09 03:25:47.505659+00:00,2026-10-09 03:25:47.965014+00:00,2026-10-09 03:25:48.386536+00:00,0.880877,0.459355,0.39982006400009595
load,3,2,0fcfac8e-1ba4-4bc6-96de-93ee68b4a7c7,bench-healthy-04,passed,1,2026-10-09 03:25:47.505659+00:00,2026-10-09 03:25:47.968721+00:00,2026-10-09 03:25:48.392753+00:00,0.887094,0.463062,0.40004827300003853
load,3,2,8b27b33e-664b-44d1-9233-f1b07c735379,bench-healthy-05,passed,1,2026-10-09 03:25:47.505659+00:00,2026-10-09 03:25:48.399214+00:00,2026-10-09 03:25:48.822625+00:00,1.316966,0.893555,0.3999318690000564
load,3,2,08f504a8-d49e-4353-913e-8ecc92f1c343,bench-healthy-06,passed,1,2026-10-09 03:25:47.505659+00:00,2026-10-09 03:25:48.405772+00:00,2026-10-09 03:25:48.828068+00:00,1.322409,0.900113,0.40029278400015755
load,3,2,891dcea1-3d73-48b4-b852-a85b893c8eee,bench-healthy-07,passed,1,2026-10-09 03:25:47.505659+00:00,2026-10-09 03:25:48.835967+00:00,2026-10-09 03:25:49.278015+00:00,1.772356,1.330308,0.3999995710000803
load,3,2,1c946eb1-3b07-4d27-be36-c03091d5476c,bench-healthy-08,passed,1,2026-10-09 03:25:47.505659+00:00,2026-10-09 03:25:48.839504+00:00,2026-10-09 03:25:49.283854+00:00,1.778195,1.333845,0.4001127760000145
load,3,2,ec027928-4532-40a1-b251-6d9484009ee5,bench-healthy-09,passed,1,2026-10-09 03:25:47.505659+00:00,2026-10-09 03:25:49.294649+00:00,2026-10-09 03:25:49.719186+00:00,2.213527,1.78899,0.4000476730000173
load,3,2,8794b643-172e-4aab-8d7e-6a39ff075376,bench-healthy-10,passed,1,2026-10-09 03:25:47.505659+00:00,2026-10-09 03:25:49.299798+00:00,2026-10-09 03:25:49.726453+00:00,2.220794,1.794139,0.40001237199999196
load,3,2,49a1ab90-4f3f-45dd-af2d-f4ca634637d0,bench-healthy-11,passed,1,2026-10-09 03:25:47.505659+00:00,2026-10-09 03:25:49.737839+00:00,2026-10-09 03:25:50.164946+00:00,2.659287,2.23218,0.4002786829998968
load,3,2,a8c71267-d280-4484-bd67-7856201fe4ca,bench-healthy-12,passed,1,2026-10-09 03:25:47.505659+00:00,2026-10-09 03:25:49.745069+00:00,2026-10-09 03:25:50.169005+00:00,2.663346,2.23941,0.39987886700009767
load,3,2,6f9b87ec-0ffc-47e0-87e5-80058c7c61dc,bench-healthy-13,passed,1,2026-10-09 03:25:47.505659+00:00,2026-10-09 03:25:50.180574+00:00,2026-10-09 03:25:50.611256+00:00,3.105597,2.674915,0.4001624790000733
load,3,2,75cab527-6756-4651-9dc4-e739ab66dfe6,bench-healthy-14,passed,1,2026-10-09 03:25:47.505659+00:00,2026-10-09 03:25:50.185247+00:00,2026-10-09 03:25:50.621709+00:00,3.11605,2.679588,0.3999818699999196
load,3,2,e719c42a-dfe5-4598-b5c4-98acf47a2797,bench-healthy-15,passed,1,2026-10-09 03:25:47.505659+00:00,2026-10-09 03:25:50.623129+00:00,2026-10-09 03:25:51.049150+00:00,3.543491,3.11747,0.4000218720000248
load,3,2,75b8fcb4-3dec-4e72-aaae-4acef9487016,bench-healthy-16,passed,1,2026-10-09 03:25:47.505659+00:00,2026-10-09 03:25:50.633276+00:00,2026-10-09 03:25:51.056324+00:00,3.550665,3.127617,0.4007800039998983
load,4,2,5065c058-49c2-497b-a812-d429719a8844,bench-healthy-01,passed,1,2026-10-09 03:25:51.167173+00:00,2026-10-09 03:25:51.183227+00:00,2026-10-09 03:25:52.609199+00:00,1.442026,0.016054,0.40001317199994446
load,4,2,a24acd3f-8df6-48ae-906f-1862c05b8e0a,bench-healthy-02,passed,1,2026-10-09 03:25:51.167173+00:00,2026-10-09 03:25:55.290658+00:00,2026-10-09 03:25:55.712463+00:00,4.54529,4.123485,0.40088368600004287
load,4,2,f822cc92-ee26-488e-a4c9-6fe94ecdb296,bench-healthy-03,passed,1,2026-10-09 03:25:51.167173+00:00,2026-10-09 03:25:52.225791+00:00,2026-10-09 03:25:52.647439+00:00,1.480266,1.058618,0.400865106999845
load,4,2,731122da-f11c-4177-a979-b65f010eb3ca,bench-healthy-04,passed,1,2026-10-09 03:25:51.167173+00:00,2026-10-09 03:25:52.623198+00:00,2026-10-09 03:25:53.047030+00:00,1.879857,1.456025,0.4000483739998799
load,4,2,f2873d9d-8ddc-4ae0-aa0a-8d224b3aa53a,bench-healthy-05,passed,1,2026-10-09 03:25:51.167173+00:00,2026-10-09 03:25:52.659177+00:00,2026-10-09 03:25:53.082944+00:00,1.915771,1.492004,0.4000244730000304
load,4,2,a7414e1e-6535-4784-9a5c-e9c5f28bb6f4,bench-healthy-06,passed,1,2026-10-09 03:25:51.167173+00:00,2026-10-09 03:25:53.057172+00:00,2026-10-09 03:25:53.476126+00:00,2.308953,1.889999,0.3998749669999597
load,4,2,949206be-eacd-4b8c-a8d3-0f927c591c96,bench-healthy-07,passed,1,2026-10-09 03:25:51.167173+00:00,2026-10-09 03:25:53.095211+00:00,2026-10-09 03:25:53.515622+00:00,2.348449,1.928038,0.40097271199988427
load,4,2,7a28a55e-8417-403a-b0d7-508d2ac4e477,bench-healthy-08,passed,1,2026-10-09 03:25:51.167173+00:00,2026-10-09 03:25:53.490364+00:00,2026-10-09 03:25:53.914334+00:00,2.747161,2.323191,0.40068929400013076
load,4,2,660432c7-eb9b-4e4b-9fc1-179483895819,bench-healthy-09,passed,1,2026-10-09 03:25:51.167173+00:00,2026-10-09 03:25:53.530569+00:00,2026-10-09 03:25:53.952137+00:00,2.784964,2.363396,0.4001896709999073
load,4,2,9cb9b4a8-7a2f-4328-b716-682ef72229de,bench-healthy-10,passed,1,2026-10-09 03:25:51.167173+00:00,2026-10-09 03:25:53.925783+00:00,2026-10-09 03:25:54.346540+00:00,3.179367,2.75861,0.40024155999981303
load,4,2,28eba52e-3c41-4ab5-92d9-b73a64658275,bench-healthy-11,passed,1,2026-10-09 03:25:51.167173+00:00,2026-10-09 03:25:53.963860+00:00,2026-10-09 03:25:54.386272+00:00,3.219099,2.796687,0.40094698799998696
load,4,2,f6f95a22-ef55-42f4-b67a-0738e4a211ef,bench-healthy-12,passed,1,2026-10-09 03:25:51.167173+00:00,2026-10-09 03:25:54.356653+00:00,2026-10-09 03:25:54.775601+00:00,3.608428,3.18948,0.4010476920000201
load,4,2,1d641d20-e675-444b-8616-9fae389e4538,bench-healthy-13,passed,1,2026-10-09 03:25:51.167173+00:00,2026-10-09 03:25:54.396723+00:00,2026-10-09 03:25:54.814322+00:00,3.647149,3.22955,0.3999042460000055
load,4,2,0f9923f2-dc47-43aa-9355-eefd2766103a,bench-healthy-14,passed,1,2026-10-09 03:25:51.167173+00:00,2026-10-09 03:25:54.788466+00:00,2026-10-09 03:25:55.213199+00:00,4.046026,3.621293,0.39998394899998857
load,4,2,ef9e7739-fead-4e99-8884-defb4aad8956,bench-healthy-15,passed,1,2026-10-09 03:25:51.167173+00:00,2026-10-09 03:25:54.827689+00:00,2026-10-09 03:25:55.252434+00:00,4.085261,3.660516,0.40016135700011546
load,4,2,2834fe2d-0fe4-422a-98a0-0759baa3cb32,bench-healthy-16,passed,1,2026-10-09 03:25:51.167173+00:00,2026-10-09 03:25:55.225038+00:00,2026-10-09 03:25:55.648527+00:00,4.481354,4.057865,0.4001531559999876
load,5,2,97d2f9a6-1bc0-42d0-adfd-c98f4187dc8a,bench-healthy-01,passed,1,2026-10-09 03:25:56.057090+00:00,2026-10-09 03:25:56.074712+00:00,2026-10-09 03:25:56.500779+00:00,0.443689,0.017622,0.39946642799986876
load,5,2,61b746c5-26bd-4502-9dfe-44db6752f55d,bench-healthy-02,passed,1,2026-10-09 03:25:56.057090+00:00,2026-10-09 03:25:56.081980+00:00,2026-10-09 03:25:56.506472+00:00,0.449382,0.02489,0.4002638599999955
load,5,2,4751dfa7-8a4c-466c-b186-1b45012998e5,bench-healthy-03,passed,1,2026-10-09 03:25:56.057090+00:00,2026-10-09 03:25:56.520016+00:00,2026-10-09 03:25:56.944873+00:00,0.887783,0.462926,0.40092678800010617
load,5,2,0d882947-0d93-44c6-b6a4-2ea199fa9799,bench-healthy-04,passed,1,2026-10-09 03:25:56.057090+00:00,2026-10-09 03:25:56.526842+00:00,2026-10-09 03:25:56.948923+00:00,0.891833,0.469752,0.3999157460000333
load,5,2,b687f2dc-cf26-4c39-be3b-5c8f346822a0,bench-healthy-05,passed,1,2026-10-09 03:25:56.057090+00:00,2026-10-09 03:25:56.961502+00:00,2026-10-09 03:25:57.386307+00:00,1.329217,0.904412,0.40016565700011597
load,5,2,a903f0ce-6d87-49e5-826f-dfbfba0e573e,bench-healthy-06,passed,1,2026-10-09 03:25:56.057090+00:00,2026-10-09 03:25:56.964456+00:00,2026-10-09 03:25:57.399904+00:00,1.342814,0.907366,0.40022355900009643
load,5,2,219076c6-8fae-4787-aab9-abb68ec0068d,bench-healthy-07,passed,1,2026-10-09 03:25:56.057090+00:00,2026-10-09 03:25:57.402199+00:00,2026-10-09 03:25:57.833431+00:00,1.776341,1.345109,0.40027066100014963
load,5,2,66be7f72-7ab2-4b84-bc03-718440b8ad90,bench-healthy-08,passed,1,2026-10-09 03:25:56.057090+00:00,2026-10-09 03:25:57.414206+00:00,2026-10-09 03:25:57.843719+00:00,1.786629,1.357116,0.4001882580000711
load,5,2,ed1330c0-91bc-4ebe-9d7b-20457193a338,bench-healthy-09,passed,1,2026-10-09 03:25:56.057090+00:00,2026-10-09 03:25:57.847593+00:00,2026-10-09 03:25:58.281409+00:00,2.224319,1.790503,0.399705737999966
load,5,2,89ca706e-6f0d-44d9-99f9-bb986e693423,bench-healthy-10,passed,1,2026-10-09 03:25:56.057090+00:00,2026-10-09 03:25:57.858074+00:00,2026-10-09 03:25:58.289823+00:00,2.232733,1.800984,0.4001973579997866
load,5,2,ca28fd67-2cde-4641-b8da-393b778f57b2,bench-healthy-11,passed,1,2026-10-09 03:25:56.057090+00:00,2026-10-09 03:25:58.294581+00:00,2026-10-09 03:25:58.720467+00:00,2.663377,2.237491,0.40012805499986825
load,5,2,3be614d3-6d18-4e0c-b013-dc23dab93b20,bench-healthy-12,passed,1,2026-10-09 03:25:56.057090+00:00,2026-10-09 03:25:58.305134+00:00,2026-10-09 03:25:58.724905+00:00,2.667815,2.248044,0.40033816299978753
load,5,2,d32b95c9-2eac-47b8-a816-ed7091bbde1b,bench-healthy-13,passed,1,2026-10-09 03:25:56.057090+00:00,2026-10-09 03:25:58.735373+00:00,2026-10-09 03:25:59.160105+00:00,3.103015,2.678283,0.400138755999933
load,5,2,baea3f4a-9fc2-441f-b3f0-6f0ad2880047,bench-healthy-14,passed,1,2026-10-09 03:25:56.057090+00:00,2026-10-09 03:25:58.739341+00:00,2026-10-09 03:25:59.164834+00:00,3.107744,2.682251,0.4010288919998857
load,5,2,eb6f7079-e670-40f2-affe-49a079a0b91c,bench-healthy-15,passed,1,2026-10-09 03:25:56.057090+00:00,2026-10-09 03:25:59.179610+00:00,2026-10-09 03:25:59.614629+00:00,3.557539,3.12252,0.4010176919998685
load,5,2,ee3b48d8-fe3c-44bb-8649-868fd20867f3,bench-healthy-16,passed,1,2026-10-09 03:25:56.057090+00:00,2026-10-09 03:25:59.188522+00:00,2026-10-09 03:25:59.622634+00:00,3.565544,3.131432,0.4009765900000275
warmup,0,4,2ca3aa0b-a1c6-4b67-b0cd-e6ffc1806957,bench-healthy-01,passed,1,2026-10-09 03:26:34.802393+00:00,2026-10-09 03:26:34.888259+00:00,2026-10-09 03:26:35.427610+00:00,0.625217,0.085866,0.39950542199994743
warmup,0,4,af9d6a3f-abfc-41f1-b60e-8ccd5650ad18,bench-healthy-02,passed,1,2026-10-09 03:26:34.802393+00:00,2026-10-09 03:26:34.903599+00:00,2026-10-09 03:26:35.451768+00:00,0.649375,0.101206,0.4001918520000345
warmup,0,4,0fdac8df-4cc0-434d-b79c-7155d168a5de,bench-healthy-03,passed,1,2026-10-09 03:26:34.802393+00:00,2026-10-09 03:26:34.905169+00:00,2026-10-09 03:26:35.507871+00:00,0.705478,0.102776,0.4003071560000535
warmup,0,4,b47cee16-6b6b-453e-a9b3-50aa035d6080,bench-healthy-04,passed,1,2026-10-09 03:26:34.802393+00:00,2026-10-09 03:26:34.906445+00:00,2026-10-09 03:26:35.526087+00:00,0.723694,0.104052,0.4004381629999898
warmup,0,4,e2d468b1-4f02-4c87-b64c-c8605fa0b5ca,bench-healthy-05,passed,1,2026-10-09 03:26:34.802393+00:00,2026-10-09 03:26:35.445903+00:00,2026-10-09 03:26:35.868327+00:00,1.065934,0.64351,0.40084397999999055
warmup,0,4,e542452b-c148-48be-b470-f22ffbd03275,bench-healthy-06,passed,1,2026-10-09 03:26:34.802393+00:00,2026-10-09 03:26:35.463721+00:00,2026-10-09 03:26:35.889242+00:00,1.086849,0.661328,0.39989783900000475
warmup,0,4,dbe69a4d-0004-4ce8-b829-c980938a000e,bench-healthy-07,passed,1,2026-10-09 03:26:34.802393+00:00,2026-10-09 03:26:35.520756+00:00,2026-10-09 03:26:35.945201+00:00,1.142808,0.718363,0.4000764459999573
warmup,0,4,5068088c-b60e-47f0-adb4-7829537f2d66,bench-healthy-08,passed,1,2026-10-09 03:26:34.802393+00:00,2026-10-09 03:26:35.538262+00:00,2026-10-09 03:26:35.958703+00:00,1.15631,0.735869,0.4000920480000332
warmup,0,4,2ca6bdb0-6b63-4137-b140-8fbb15e12191,bench-healthy-09,passed,1,2026-10-09 03:26:34.802393+00:00,2026-10-09 03:26:35.878259+00:00,2026-10-09 03:26:36.297195+00:00,1.494802,1.075866,0.3998963389999517
warmup,0,4,6bbeca60-29ca-48e9-9c45-c2387166285d,bench-healthy-10,passed,1,2026-10-09 03:26:34.802393+00:00,2026-10-09 03:26:35.900778+00:00,2026-10-09 03:26:36.320629+00:00,1.518236,1.098385,0.3999835429999621
warmup,0,4,99e954e9-fe45-4dcd-a0ba-d9036a88fa50,bench-healthy-11,passed,1,2026-10-09 03:26:34.802393+00:00,2026-10-09 03:26:35.956249+00:00,2026-10-09 03:26:36.379038+00:00,1.576645,1.153856,0.4000610460000189
warmup,0,4,832d20b3-d906-4b9f-b39e-819bde22bed8,bench-healthy-12,passed,1,2026-10-09 03:26:34.802393+00:00,2026-10-09 03:26:35.973864+00:00,2026-10-09 03:26:36.397210+00:00,1.594817,1.171471,0.39999944299984236
warmup,0,4,e70c024f-0b36-4044-b8a9-0e69565e9a24,bench-healthy-13,passed,1,2026-10-09 03:26:34.802393+00:00,2026-10-09 03:26:36.312732+00:00,2026-10-09 03:26:36.735666+00:00,1.933273,1.510339,0.4000101439999071
warmup,0,4,bd09c5c7-7682-4c9a-aaac-5271ca1da1ba,bench-healthy-14,passed,1,2026-10-09 03:26:34.802393+00:00,2026-10-09 03:26:36.332909+00:00,2026-10-09 03:26:36.754996+00:00,1.952603,1.530516,0.40034395800012135
warmup,0,4,5928c5b2-ce7b-4ed1-98f3-2fb321729090,bench-healthy-15,passed,1,2026-10-09 03:26:34.802393+00:00,2026-10-09 03:26:36.392843+00:00,2026-10-09 03:26:36.815742+00:00,2.013349,1.59045,0.4000822470000003
warmup,0,4,d1c81a7e-8145-4a50-b90f-c7126e72b4b3,bench-healthy-16,passed,1,2026-10-09 03:26:34.802393+00:00,2026-10-09 03:26:36.410756+00:00,2026-10-09 03:26:36.834088+00:00,2.031695,1.608363,0.3999799430000621
load,1,4,878e68a5-7e47-46b2-81a6-f3af26463ae7,bench-healthy-01,passed,1,2026-10-09 03:26:36.989394+00:00,2026-10-09 03:26:37.018853+00:00,2026-10-09 03:26:37.441941+00:00,0.452547,0.029459,0.4000201440001092
load,1,4,ceb74330-a43d-4576-a026-6c9052fc23b8,bench-healthy-02,passed,1,2026-10-09 03:26:36.989394+00:00,2026-10-09 03:26:46.202955+00:00,2026-10-09 03:26:46.620759+00:00,9.631365,9.213561,0.39985957099997904
load,1,4,d8b25449-f612-4286-8fb4-78776a934bd4,bench-healthy-03,passed,1,2026-10-09 03:26:36.989394+00:00,2026-10-09 03:26:46.204645+00:00,2026-10-09 03:26:46.625389+00:00,9.635995,9.215251,0.39956705700001294
load,1,4,5a524bd3-9248-4a96-97dd-15e9662763c2,bench-healthy-04,passed,1,2026-10-09 03:26:36.989394+00:00,2026-10-09 03:26:46.215644+00:00,2026-10-09 03:26:46.635524+00:00,9.64613,9.22625,0.39998587599984603
load,1,4,f2700dae-f3af-4b17-a4b8-c7832307530b,bench-healthy-05,passed,1,2026-10-09 03:26:36.989394+00:00,2026-10-09 03:26:46.589507+00:00,2026-10-09 03:26:47.008532+00:00,10.019138,9.600113,0.3998626699999477
load,1,4,87cb0a21-1737-4066-866e-b4e6d44dbf64,bench-healthy-06,passed,1,2026-10-09 03:26:36.989394+00:00,2026-10-09 03:26:39.061671+00:00,2026-10-09 03:26:46.576129+00:00,9.586735,2.072277,0.4000441780001438
load,1,4,6cce919e-8535-4b4e-8cdc-973f34aadc53,bench-healthy-07,passed,1,2026-10-09 03:26:36.989394+00:00,2026-10-09 03:26:46.636101+00:00,2026-10-09 03:26:47.055698+00:00,10.066304,9.646707,0.39992217300004995
load,1,4,81f24b5a-a4e7-4699-a401-daa3d4eb694f,bench-healthy-08,passed,1,2026-10-09 03:26:36.989394+00:00,2026-10-09 03:26:46.637412+00:00,2026-10-09 03:26:47.065908+00:00,10.076514,9.648018,0.39983356899983846
load,1,4,8803695a-10c2-48d4-bb74-f6341f059c2f,bench-healthy-09,passed,1,2026-10-09 03:26:36.989394+00:00,2026-10-09 03:26:46.651688+00:00,2026-10-09 03:26:47.069404+00:00,10.08001,9.662294,0.39993197299986605
load,1,4,e4857b6a-a307-432f-990c-4279d332fc9b,bench-healthy-10,passed,1,2026-10-09 03:26:36.989394+00:00,2026-10-09 03:26:47.019454+00:00,2026-10-09 03:26:47.436593+00:00,10.447199,10.03006,0.3998430689998713
load,1,4,31d040bd-a395-4f2e-a9db-518abe5e4a78,bench-healthy-11,passed,1,2026-10-09 03:26:36.989394+00:00,2026-10-09 03:26:47.065807+00:00,2026-10-09 03:26:47.486136+00:00,10.496742,10.076413,0.4008887150000646
load,1,4,c1f2b900-a2ed-40d5-b2a3-c0f026db209a,bench-healthy-12,passed,1,2026-10-09 03:26:36.989394+00:00,2026-10-09 03:26:47.082265+00:00,2026-10-09 03:26:47.503167+00:00,10.513773,10.092871,0.4009247169999526
load,1,4,ed5bd189-1d68-417c-8885-83e8341a370c,bench-healthy-13,passed,1,2026-10-09 03:26:36.989394+00:00,2026-10-09 03:26:47.085644+00:00,2026-10-09 03:26:47.508159+00:00,10.518765,10.09625,0.40095921800002543
load,1,4,6f8f8ed9-8bdd-44ab-85e1-0b32658935da,bench-healthy-14,passed,1,2026-10-09 03:26:36.989394+00:00,2026-10-09 03:26:47.448270+00:00,2026-10-09 03:26:47.865207+00:00,10.875813,10.458876,0.40016158299999915
load,1,4,c411852c-b7d6-413d-8954-d7b22a48a5c0,bench-healthy-15,passed,1,2026-10-09 03:26:36.989394+00:00,2026-10-09 03:26:47.496672+00:00,2026-10-09 03:26:47.916747+00:00,10.927353,10.507278,0.39991597299990644
load,1,4,28eb1b34-871c-43ad-98db-212d7f23ee00,bench-healthy-16,passed,1,2026-10-09 03:26:36.989394+00:00,2026-10-09 03:26:47.513940+00:00,2026-10-09 03:26:47.933652+00:00,10.944258,10.524546,0.39996097500011274
load,2,4,20981dfc-4759-44a9-a555-eab1980bcdc7,bench-healthy-01,passed,1,2026-10-09 03:26:48.023942+00:00,2026-10-09 03:26:48.042637+00:00,2026-10-09 03:26:48.465265+00:00,0.441323,0.018695,0.400085880000006
load,2,4,90c45fbb-43eb-448e-a037-230fe7687416,bench-healthy-02,passed,1,2026-10-09 03:26:48.023942+00:00,2026-10-09 03:26:48.047289+00:00,2026-10-09 03:26:49.472367+00:00,1.448425,0.023347,0.39949475399998846
load,2,4,e710b95a-3bdb-4677-9a12-a27007440b2a,bench-healthy-03,passed,1,2026-10-09 03:26:48.023942+00:00,2026-10-09 03:26:51.593421+00:00,2026-10-09 03:26:52.010418+00:00,3.986476,3.569479,0.4000192490000245
load,2,4,5271c9f6-7f0f-4505-846a-e84eea39a887,bench-healthy-04,passed,1,2026-10-09 03:26:48.023942+00:00,2026-10-09 03:26:51.974748+00:00,2026-10-09 03:26:52.391765+00:00,4.367823,3.950806,0.3999425469999096
load,2,4,949e61de-bda8-463c-b9e4-c7b02c8f5c7e,bench-healthy-05,passed,1,2026-10-09 03:26:48.023942+00:00,2026-10-09 03:26:49.072259+00:00,2026-10-09 03:26:49.492986+00:00,1.469044,1.048317,0.4002324870000393
load,2,4,bd6a1844-9114-4de9-a866-4ba3b132fb96,bench-healthy-06,passed,1,2026-10-09 03:26:48.023942+00:00,2026-10-09 03:26:51.996952+00:00,2026-10-09 03:26:52.415480+00:00,4.391538,3.97301,0.4001919560000715
load,2,4,8da7876b-6432-4803-8d60-1b96dc4437be,bench-healthy-07,passed,1,2026-10-09 03:26:48.023942+00:00,2026-10-09 03:26:49.081377+00:00,2026-10-09 03:26:50.508170+00:00,2.484228,1.057435,0.40039866600000096
load,2,4,8045b7cf-7a5a-421a-b0ef-022dfdfa8f7e,bench-healthy-08,passed,1,2026-10-09 03:26:48.023942+00:00,2026-10-09 03:26:50.104526+00:00,2026-10-09 03:26:51.532647+00:00,3.508705,2.080584,0.3998391420000189
load,2,4,1b074cc1-c181-477d-bf40-491bb37ad986,bench-healthy-09,passed,1,2026-10-09 03:26:48.023942+00:00,2026-10-09 03:26:52.003655+00:00,2026-10-09 03:26:52.421435+00:00,4.397493,3.979713,0.4009672899999259
load,2,4,acb86dd4-8ac6-445b-ba97-777b51a70d93,bench-healthy-10,passed,1,2026-10-09 03:26:48.023942+00:00,2026-10-09 03:26:52.021746+00:00,2026-10-09 03:26:52.438339+00:00,4.414397,3.997804,0.40006805200005147
load,2,4,f0011816-5c82-494e-bbd0-affc8d159350,bench-healthy-11,passed,1,2026-10-09 03:26:48.023942+00:00,2026-10-09 03:26:51.126121+00:00,2026-10-09 03:26:51.546891+00:00,3.522949,3.102179,0.3999190450001606
load,2,4,27f6b8fd-706a-4fb4-8729-7c12005007a4,bench-healthy-12,passed,1,2026-10-09 03:26:48.023942+00:00,2026-10-09 03:26:51.127013+00:00,2026-10-09 03:26:51.551749+00:00,3.527807,3.103071,0.40006345099982354
load,2,4,a0c278b5-cfaf-443d-8892-d00ca88d8b42,bench-healthy-13,passed,1,2026-10-09 03:26:48.023942+00:00,2026-10-09 03:26:51.144162+00:00,2026-10-09 03:26:51.565228+00:00,3.541286,3.12022,0.40084108399992147
load,2,4,2f697fd6-83e4-4edd-91b2-2cfeee961016,bench-healthy-14,passed,1,2026-10-09 03:26:48.023942+00:00,2026-10-09 03:26:51.545010+00:00,2026-10-09 03:26:51.965664+00:00,3.941722,3.521068,0.39997314700008246
load,2,4,94386cca-aab0-4d3c-b651-73af9d0a2d92,bench-healthy-15,passed,1,2026-10-09 03:26:48.023942+00:00,2026-10-09 03:26:51.561697+00:00,2026-10-09 03:26:51.985052+00:00,3.96111,3.537755,0.40001294899980167
load,2,4,7a0545da-dec0-4746-ae44-8336ae722d8c,bench-healthy-16,passed,1,2026-10-09 03:26:48.023942+00:00,2026-10-09 03:26:51.567191+00:00,2026-10-09 03:26:51.992358+00:00,3.968416,3.543249,0.4000046479998218
load,3,4,81cdf55e-9803-46f9-bab4-708ccee94d80,bench-healthy-01,passed,1,2026-10-09 03:26:52.498269+00:00,2026-10-09 03:26:52.513769+00:00,2026-10-09 03:26:52.934198+00:00,0.435929,0.0155,0.3998699429998851
load,3,4,07899c8a-ae51-4b5d-91a8-ea4b9996196d,bench-healthy-02,passed,1,2026-10-09 03:26:52.498269+00:00,2026-10-09 03:26:52.515247+00:00,2026-10-09 03:26:54.976035+00:00,2.477766,0.016978,0.4000256500000887
load,3,4,3a76ac7c-94e6-4c46-a8f5-db9ed07c86d7,bench-healthy-03,passed,1,2026-10-09 03:26:52.498269+00:00,2026-10-09 03:26:57.091444+00:00,2026-10-09 03:26:57.509014+00:00,5.010745,4.593175,0.39996584699997584
load,3,4,61238e9f-c1bb-4853-a1e7-8811e7aa6d94,bench-healthy-04,passed,1,2026-10-09 03:26:52.498269+00:00,2026-10-09 03:26:57.097937+00:00,2026-10-09 03:26:57.516415+00:00,5.018146,4.599668,0.3999959489999583
load,3,4,e53bd200-b5ea-41de-bbb8-645fe4c39ff6,bench-healthy-05,passed,1,2026-10-09 03:26:52.498269+00:00,2026-10-09 03:26:57.489490+00:00,2026-10-09 03:26:57.905517+00:00,5.407248,4.991221,0.39934822100008205
load,3,4,649151aa-775a-4fb3-931d-e6d1f942b66b,bench-healthy-06,passed,1,2026-10-09 03:26:52.498269+00:00,2026-10-09 03:26:54.559098+00:00,2026-10-09 03:26:54.995008+00:00,2.496739,2.060829,0.40002945000014734
load,3,4,38272043-151b-47e8-8802-cd8cd0fb9387,bench-healthy-07,passed,1,2026-10-09 03:26:52.498269+00:00,2026-10-09 03:26:54.566386+00:00,2026-10-09 03:26:55.001484+00:00,2.503215,2.068117,0.3999527460000536
load,3,4,142f92b5-69f5-4b72-9be1-7bf52490d971,bench-healthy-08,passed,1,2026-10-09 03:26:52.498269+00:00,2026-10-09 03:26:54.580171+00:00,2026-10-09 03:26:55.009434+00:00,2.511165,2.081902,0.40050226900007146
load,3,4,78210779-1d42-4de5-9190-b249f8a4897e,bench-healthy-09,passed,1,2026-10-09 03:26:52.498269+00:00,2026-10-09 03:26:54.994290+00:00,2026-10-09 03:26:55.418201+00:00,2.919932,2.496021,0.4000466500001494
load,3,4,e1d93ac2-db7e-451d-9f80-b22adc4e2a2d,bench-healthy-10,passed,1,2026-10-09 03:26:52.498269+00:00,2026-10-09 03:26:55.013717+00:00,2026-10-09 03:26:55.439428+00:00,2.941159,2.515448,0.40003875000002154
load,3,4,4a861133-c82c-4667-ad3f-05bfe843b520,bench-healthy-11,passed,1,2026-10-09 03:26:52.498269+00:00,2026-10-09 03:26:55.019364+00:00,2026-10-09 03:26:56.447559+00:00,3.94929,2.521095,0.40012525400015875
load,3,4,6e711c20-0f0a-4dab-869f-89bbdbee40a8,bench-healthy-12,passed,1,2026-10-09 03:26:52.498269+00:00,2026-10-09 03:26:57.506577+00:00,2026-10-09 03:26:57.924797+00:00,5.426528,5.008308,0.39992434499981755
load,3,4,ad5c5c20-74a5-4edf-b911-c7b6cb0298b2,bench-healthy-13,passed,1,2026-10-09 03:26:52.498269+00:00,2026-10-09 03:26:56.046884+00:00,2026-10-09 03:26:56.469578+00:00,3.971309,3.548615,0.399417824000011
load,3,4,6ffe0a68-d17e-416c-a92d-61d1ed38d761,bench-healthy-14,passed,1,2026-10-09 03:26:52.498269+00:00,2026-10-09 03:26:56.048144+00:00,2026-10-09 03:26:57.478901+00:00,4.980632,3.549875,0.39983934200017757
load,3,4,9b0eef9c-42db-43e8-b223-22b4178b642c,bench-healthy-15,passed,1,2026-10-09 03:26:52.498269+00:00,2026-10-09 03:26:57.521595+00:00,2026-10-09 03:26:57.940456+00:00,5.442187,5.023326,0.39986144099998455
load,3,4,3a72be8a-22d9-4213-8e6f-d33182e46ece,bench-healthy-16,passed,1,2026-10-09 03:26:52.498269+00:00,2026-10-09 03:26:57.077923+00:00,2026-10-09 03:26:57.495905+00:00,4.997636,4.579654,0.3999378460000571
load,4,4,e452e5ae-e260-45ea-bc0d-0dcd372e56af,bench-healthy-01,passed,1,2026-10-09 03:26:58.092781+00:00,2026-10-09 03:26:58.111775+00:00,2026-10-09 03:26:59.545659+00:00,1.452878,0.018994,0.399870435999901
load,4,4,da0dade6-519c-43eb-90bd-00cfa21134d0,bench-healthy-02,passed,1,2026-10-09 03:26:58.092781+00:00,2026-10-09 03:27:02.674342+00:00,2026-10-09 03:27:03.096434+00:00,5.003653,4.581561,0.39981873300007464
load,4,4,23849e0d-c41f-404f-b0be-22e372159713,bench-healthy-03,passed,1,2026-10-09 03:26:58.092781+00:00,2026-10-09 03:27:02.679436+00:00,2026-10-09 03:27:03.099515+00:00,5.006734,4.586655,0.3999111370001174
load,4,4,048fd254-eaf8-43e5-ad02-ab746781db99,bench-healthy-04,passed,1,2026-10-09 03:26:58.092781+00:00,2026-10-09 03:27:02.696646+00:00,2026-10-09 03:27:03.117105+00:00,5.024324,4.603865,0.3998536349999995
load,4,4,17656070-ea69-4580-9096-b883569a88e3,bench-healthy-05,passed,1,2026-10-09 03:26:58.092781+00:00,2026-10-09 03:27:02.700864+00:00,2026-10-09 03:27:03.121382+00:00,5.028601,4.608083,0.3995064209998418
load,4,4,73ee127e-c6ba-4b91-82b8-d29337350ddd,bench-healthy-06,passed,1,2026-10-09 03:26:58.092781+00:00,2026-10-09 03:26:59.145419+00:00,2026-10-09 03:26:59.572424+00:00,1.479643,1.052638,0.40097188200002165
load,4,4,2c0354e7-8f83-4f85-b804-6901b0f345db,bench-healthy-07,passed,1,2026-10-09 03:26:58.092781+00:00,2026-10-09 03:26:59.152102+00:00,2026-10-09 03:27:00.582202+00:00,2.489421,1.059321,0.4009591819999514
load,4,4,6faba97c-70de-40b3-85b7-134e96be7a1f,bench-healthy-08,passed,1,2026-10-09 03:26:58.092781+00:00,2026-10-09 03:27:00.176857+00:00,2026-10-09 03:27:00.600966+00:00,2.508185,2.084076,0.39995943899998565
load,4,4,f077a74a-af4c-44a4-bac3-67c6d6de2948,bench-healthy-09,passed,1,2026-10-09 03:26:58.092781+00:00,2026-10-09 03:27:00.178319+00:00,2026-10-09 03:27:01.611954+00:00,3.519173,2.085538,0.4011739899999611
load,4,4,b0a9418e-94a2-4704-a869-d73fe67a66fe,bench-healthy-10,passed,1,2026-10-09 03:26:58.092781+00:00,2026-10-09 03:27:03.107222+00:00,2026-10-09 03:27:03.529100+00:00,5.436319,5.014441,0.40002854299996216
load,4,4,b50a09d4-037c-415b-98fc-115f3b1d8a96,bench-healthy-11,passed,1,2026-10-09 03:26:58.092781+00:00,2026-10-09 03:27:01.204028+00:00,2026-10-09 03:27:01.639548+00:00,3.546767,3.111247,0.4001721490001273
load,4,4,5895cf90-b147-4124-893d-bf3fa548198d,bench-healthy-12,passed,1,2026-10-09 03:26:58.092781+00:00,2026-10-09 03:27:01.210623+00:00,2026-10-09 03:27:02.646079+00:00,4.553298,3.117842,0.4003228550000131
load,4,4,8ea4fe9a-e0a4-4d2a-9981-8dad8ce44c79,bench-healthy-13,passed,1,2026-10-09 03:26:58.092781+00:00,2026-10-09 03:27:03.112976+00:00,2026-10-09 03:27:03.536218+00:00,5.443437,5.020195,0.4001652480001212
load,4,4,3c266b2b-6990-47e0-9f39-8ba5e988d4bc,bench-healthy-14,passed,1,2026-10-09 03:26:58.092781+00:00,2026-10-09 03:27:02.240016+00:00,2026-10-09 03:27:02.669445+00:00,4.576664,4.147235,0.39995384000008016
load,4,4,ab0cb1e1-04fa-432a-b9df-4296131b12a2,bench-healthy-15,passed,1,2026-10-09 03:26:58.092781+00:00,2026-10-09 03:27:02.248974+00:00,2026-10-09 03:27:02.679461+00:00,4.58668,4.156193,0.40100318299982973
load,4,4,ceef77f4-baec-44a9-a973-87a85c97c55f,bench-healthy-16,passed,1,2026-10-09 03:26:58.092781+00:00,2026-10-09 03:27:02.258824+00:00,2026-10-09 03:27:02.686349+00:00,4.593568,4.166043,0.40014394800004993
load,5,4,4374a5c4-daab-4071-ab33-76193f3bc5bb,bench-healthy-01,passed,1,2026-10-09 03:27:03.703228+00:00,2026-10-09 03:27:03.720145+00:00,2026-10-09 03:27:04.143510+00:00,0.440282,0.016917,0.40011954700003116
load,5,4,f7b0b3ca-2837-4f04-8b79-5da5dd7e38d5,bench-healthy-02,passed,1,2026-10-09 03:27:03.703228+00:00,2026-10-09 03:27:09.300455+00:00,2026-10-09 03:27:09.716506+00:00,6.013278,5.597227,0.39992671899995
load,5,4,10ee1091-1aaf-4393-adb2-2e6aed569724,bench-healthy-03,passed,1,2026-10-09 03:27:03.703228+00:00,2026-10-09 03:27:03.726493+00:00,2026-10-09 03:27:09.220259+00:00,5.517031,0.023265,0.4003398349998406
load,5,4,0ed200e4-dd65-424f-ae86-00869c7b64d7,bench-healthy-04,passed,1,2026-10-09 03:27:03.703228+00:00,2026-10-09 03:27:09.658096+00:00,2026-10-09 03:27:10.074513+00:00,6.371285,5.954868,0.4000240230000145
load,5,4,83618aa5-7659-4116-b0b6-866e8f231c69,bench-healthy-05,passed,1,2026-10-09 03:27:03.703228+00:00,2026-10-09 03:27:09.675416+00:00,2026-10-09 03:27:10.092280+00:00,6.389052,5.972188,0.39994121900008395
load,5,4,dff08a98-b3ef-4e1f-81dc-af59e3effb97,bench-healthy-06,passed,1,2026-10-09 03:27:03.703228+00:00,2026-10-09 03:27:09.689464+00:00,2026-10-09 03:27:10.105582+00:00,6.402354,5.986236,0.3998756169999069
load,5,4,ff411623-fcc1-4372-88b6-b688f29ec8e1,bench-healthy-07,passed,1,2026-10-09 03:27:03.703228+00:00,2026-10-09 03:27:09.725217+00:00,2026-10-09 03:27:10.141266+00:00,6.438038,6.021989,0.40005342400013433
load,5,4,62978a79-2c96-4edf-bc55-f62c64785d78,bench-healthy-08,passed,1,2026-10-09 03:27:03.703228+00:00,2026-10-09 03:27:10.084591+00:00,2026-10-09 03:27:10.503449+00:00,6.800221,6.381363,0.4008157549999396
load,5,4,c5f1423b-4300-4877-8224-4b24c1f97d28,bench-healthy-09,passed,1,2026-10-09 03:27:03.703228+00:00,2026-10-09 03:27:10.102609+00:00,2026-10-09 03:27:10.520576+00:00,6.817348,6.399381,0.39989651800010506
load,5,4,cea383fd-c3f1-4623-b7e9-a954f1ce731e,bench-healthy-10,passed,1,2026-10-09 03:27:03.703228+00:00,2026-10-09 03:27:10.117310+00:00,2026-10-09 03:27:10.534644+00:00,6.831416,6.414082,0.39998242100000425
load,5,4,74f748bc-9000-4751-b6f5-a0281ca6c586,bench-healthy-11,passed,1,2026-10-09 03:27:03.703228+00:00,2026-10-09 03:27:08.794162+00:00,2026-10-09 03:27:09.231074+00:00,5.527846,5.090934,0.40011252599992986
load,5,4,45e07b09-8dec-4dc9-a1ef-182bf33d31f1,bench-healthy-12,passed,1,2026-10-09 03:27:03.703228+00:00,2026-10-09 03:27:08.815769+00:00,2026-10-09 03:27:09.243457+00:00,5.540229,5.112541,0.40091516000006777
load,5,4,1ce29ea0-ddfb-402c-9e97-021911a7f3e6,bench-healthy-13,passed,1,2026-10-09 03:27:03.703228+00:00,2026-10-09 03:27:08.818046+00:00,2026-10-09 03:27:09.250274+00:00,5.547046,5.114818,0.4009670630000528
load,5,4,dc7c8ada-584e-4836-9f59-56c8312c3d44,bench-healthy-14,passed,1,2026-10-09 03:27:03.703228+00:00,2026-10-09 03:27:09.229583+00:00,2026-10-09 03:27:09.649159+00:00,5.945931,5.526355,0.40041973899997174
load,5,4,1d5e1ad0-ec57-45b6-911e-2e690f81a21a,bench-healthy-15,passed,1,2026-10-09 03:27:03.703228+00:00,2026-10-09 03:27:09.245054+00:00,2026-10-09 03:27:09.666935+00:00,5.963707,5.541826,0.400580545999901
load,5,4,0601b165-9096-447c-b07d-1d948bdca8cd,bench-healthy-16,passed,1,2026-10-09 03:27:03.703228+00:00,2026-10-09 03:27:09.254088+00:00,2026-10-09 03:27:09.679568+00:00,5.97634,5.55086,0.3999593199998799
warmup,0,8,fc73829d-4675-4b51-b6d0-766ce4e1845a,bench-healthy-01,running,1,2026-10-09 03:27:52.683014+00:00,2026-10-09 03:27:52.735941+00:00,,,0.052927,
warmup,0,8,bb2751bd-afb5-4269-95d4-1cf0483bd7a9,bench-healthy-02,running,1,2026-10-09 03:27:52.683014+00:00,2026-10-09 03:27:52.746780+00:00,,,0.063766,
warmup,0,8,ab9d35a0-381b-4dfa-8357-704d5a9aff2f,bench-healthy-03,queued,0,2026-10-09 03:27:52.683014+00:00,,,,,
warmup,0,8,37f8906f-688b-43ae-b44e-0d279973c55c,bench-healthy-04,queued,0,2026-10-09 03:27:52.683014+00:00,,,,,
warmup,0,8,a40790d8-afb3-477e-8822-c5ed15928bab,bench-healthy-05,running,1,2026-10-09 03:27:52.683014+00:00,2026-10-09 03:28:13.203063+00:00,,,20.520049,
warmup,0,8,dfd1a39c-0b6b-44a2-b480-8ed677e7145d,bench-healthy-06,queued,0,2026-10-09 03:27:52.683014+00:00,,,,,
warmup,0,8,b2d2f2c4-940f-4e56-ade1-645a8e557334,bench-healthy-07,queued,0,2026-10-09 03:27:52.683014+00:00,,,,,
warmup,0,8,c2372e32-2fbb-4871-abd6-98af9e5349b8,bench-healthy-08,queued,0,2026-10-09 03:27:52.683014+00:00,,,,,
warmup,0,8,52cc4fde-593e-484b-8140-0eca2f71a78d,bench-healthy-09,queued,0,2026-10-09 03:27:52.683014+00:00,,,,,
warmup,0,8,4b9f8d6f-d9c1-478d-893e-24c8ea38ea6d,bench-healthy-10,queued,0,2026-10-09 03:27:52.683014+00:00,,,,,
warmup,0,8,20e87da6-4608-44c8-916d-cfeeb963c9e7,bench-healthy-11,queued,0,2026-10-09 03:27:52.683014+00:00,,,,,
warmup,0,8,d75d6422-3551-45e6-8aa6-0a6a1402e56b,bench-healthy-12,queued,0,2026-10-09 03:27:52.683014+00:00,,,,,
warmup,0,8,7dd5190f-caf3-4ece-a211-5133f655f767,bench-healthy-13,queued,0,2026-10-09 03:27:52.683014+00:00,,,,,
warmup,0,8,0ba17870-8c17-4b5f-a74c-0d275a676a21,bench-healthy-14,queued,0,2026-10-09 03:27:52.683014+00:00,,,,,
warmup,0,8,e0197b55-21ff-473f-b6e1-feb1471c881a,bench-healthy-15,queued,0,2026-10-09 03:27:52.683014+00:00,,,,,
warmup,0,8,398c10dd-9597-4ab5-8677-9d4d9d999189,bench-healthy-16,running,1,2026-10-09 03:27:52.683014+00:00,2026-10-09 03:28:00.903627+00:00,,,8.220613,
load,1,8,0ad37104-bdbd-4354-9b82-ea5ecd4b5c28,bench-healthy-01,running,1,2026-10-09 03:29:01.539619+00:00,2026-10-09 03:29:01.595537+00:00,,,0.055918,
load,1,8,d4682610-c1d7-405e-9925-4da0e3155296,bench-healthy-02,running,1,2026-10-09 03:29:01.539619+00:00,2026-10-09 03:29:01.606628+00:00,,,0.067009,
load,1,8,3e9d8c22-8557-432d-99e5-135cfe6600b8,bench-healthy-03,queued,0,2026-10-09 03:29:01.539619+00:00,,,,,
load,1,8,751fd7ab-45d6-462f-b4f5-8e66b411c22d,bench-healthy-04,queued,0,2026-10-09 03:29:01.539619+00:00,,,,,
load,1,8,0ac67519-b4c1-44f2-b551-2f9316a81f1c,bench-healthy-05,queued,0,2026-10-09 03:29:01.539619+00:00,,,,,
load,1,8,281ff995-8d2b-4efd-bbd7-78c2db9130f9,bench-healthy-06,queued,0,2026-10-09 03:29:01.539619+00:00,,,,,
load,1,8,6b1729e9-96a0-4977-8b4c-1ba8536a2d5a,bench-healthy-07,queued,0,2026-10-09 03:29:01.539619+00:00,,,,,
load,1,8,70d8c369-2e04-402f-80e1-91c4f2effd9e,bench-healthy-08,queued,0,2026-10-09 03:29:01.539619+00:00,,,,,
load,1,8,2dcf1db2-6b98-4ec5-8d71-2990071b406e,bench-healthy-09,queued,0,2026-10-09 03:29:01.539619+00:00,,,,,
load,1,8,2aa0c96b-eadf-4c42-9028-b761f3a0ae8f,bench-healthy-10,queued,0,2026-10-09 03:29:01.539619+00:00,,,,,
load,1,8,5252328e-0c0b-4f2b-acd2-921467c7e466,bench-healthy-11,queued,0,2026-10-09 03:29:01.539619+00:00,,,,,
load,1,8,801f67e9-7d82-461e-af45-401eb61040b2,bench-healthy-12,queued,0,2026-10-09 03:29:01.539619+00:00,,,,,
load,1,8,2c510303-e66b-45ac-ba06-16f8a2b94318,bench-healthy-13,queued,0,2026-10-09 03:29:01.539619+00:00,,,,,
load,1,8,b22aebaf-7b95-4772-adca-5abf142f7fa3,bench-healthy-14,queued,0,2026-10-09 03:29:01.539619+00:00,,,,,
load,1,8,cb4d8449-803e-4d39-86ba-5c1870eefc13,bench-healthy-15,queued,0,2026-10-09 03:29:01.539619+00:00,,,,,
load,1,8,e9ad7e76-1518-4348-88ab-caed939a6dab,bench-healthy-16,queued,0,2026-10-09 03:29:01.539619+00:00,,,,,
load,2,8,0a833a49-c67f-4627-8479-caeb1e209e8d,bench-healthy-01,passed,1,2026-10-09 03:30:11.573920+00:00,2026-10-09 03:30:11.666147+00:00,2026-10-09 03:30:12.257514+00:00,0.683594,0.092227,0.4001928659999976
load,2,8,7c3ca56f-7594-4f77-ab94-c580a50ec5ce,bench-healthy-02,passed,1,2026-10-09 03:30:11.573920+00:00,2026-10-09 03:30:11.716395+00:00,2026-10-09 03:30:12.310377+00:00,0.736457,0.142475,0.4001657660001001
load,2,8,90604757-408d-4c55-a88b-be63c54af8ae,bench-healthy-03,passed,1,2026-10-09 03:30:11.573920+00:00,2026-10-09 03:30:11.719550+00:00,2026-10-09 03:30:12.386178+00:00,0.812258,0.14563,0.3996583439998176
load,2,8,198de5b6-5896-44c6-ab85-ca49389dbcbe,bench-healthy-04,passed,1,2026-10-09 03:30:11.573920+00:00,2026-10-09 03:30:23.958731+00:00,2026-10-09 03:30:24.399654+00:00,12.825734,12.384811,0.3998234649998267
load,2,8,1ffa304c-b1c0-4a81-b86a-0598b0e5f0e1,bench-healthy-05,passed,1,2026-10-09 03:30:11.573920+00:00,2026-10-09 03:30:23.961888+00:00,2026-10-09 03:30:26.528707+00:00,14.954787,12.387968,0.4004521090000708
load,2,8,3688dbe3-4467-4eba-841e-14fb492fcc5c,bench-healthy-06,queued,0,2026-10-09 03:30:11.573920+00:00,,,,,
load,2,8,76387de5-b197-481f-8952-63d8f3e1ef8c,bench-healthy-07,passed,1,2026-10-09 03:30:11.573920+00:00,2026-10-09 03:30:26.118078+00:00,2026-10-09 03:30:26.559879+00:00,14.985959,14.544158,0.4004068090000601
load,2,8,6099ca6f-3d24-4f9d-81e5-109042f36a92,bench-healthy-08,queued,0,2026-10-09 03:30:11.573920+00:00,,,,,
load,2,8,fe335936-ad27-4a52-8271-1d1bc9e032a6,bench-healthy-09,queued,0,2026-10-09 03:30:11.573920+00:00,,,,,
load,2,8,959b3830-cea7-408b-97dc-b2592a8f947d,bench-healthy-10,queued,0,2026-10-09 03:30:11.573920+00:00,,,,,
load,2,8,6b368c19-381f-4879-ad7f-1fd077ec0ed2,bench-healthy-11,queued,0,2026-10-09 03:30:11.573920+00:00,,,,,
load,2,8,0eade8a6-5222-4d06-afba-b4530079044f,bench-healthy-12,queued,0,2026-10-09 03:30:11.573920+00:00,,,,,
load,2,8,b2ea796e-a26d-40a8-863f-ad4d88f6dc88,bench-healthy-13,queued,0,2026-10-09 03:30:11.573920+00:00,,,,,
load,2,8,db380e1c-7be0-4348-b93c-d9fe2c2dd5bc,bench-healthy-14,queued,0,2026-10-09 03:30:11.573920+00:00,,,,,
load,2,8,b5ff5040-f600-43e5-8d8f-1e5a0e2add54,bench-healthy-15,running,1,2026-10-09 03:30:11.573920+00:00,2026-10-09 03:30:29.166861+00:00,,,17.592941,
load,2,8,cdfeb3a5-369f-4c95-af21-ca43b059f54b,bench-healthy-16,passed,1,2026-10-09 03:30:11.573920+00:00,2026-10-09 03:30:19.952726+00:00,2026-10-09 03:30:24.414766+00:00,12.840846,8.378806,0.3996126560000448
load,3,8,c335041e-263a-4bdf-8c05-48e6e72d2e57,bench-healthy-01,passed,1,2026-10-09 03:31:20.484194+00:00,2026-10-09 03:31:20.557440+00:00,2026-10-09 03:31:21.101287+00:00,0.617093,0.073246,0.40078309399996215
load,3,8,7fd4916b-ad09-4782-8cdc-0ff3f4b99aad,bench-healthy-02,passed,1,2026-10-09 03:31:20.484194+00:00,2026-10-09 03:31:20.576680+00:00,2026-10-09 03:31:21.134933+00:00,0.650739,0.092486,0.4000681530001202
load,3,8,2af4673c-40d7-49aa-bee4-c364a8c3d755,bench-healthy-03,passed,1,2026-10-09 03:31:20.484194+00:00,2026-10-09 03:31:32.832570+00:00,2026-10-09 03:31:33.291864+00:00,12.80767,12.348376,0.4001150139999936
load,3,8,e003b2c4-9b11-44fd-bf33-17aadc517e31,bench-healthy-04,passed,1,2026-10-09 03:31:20.484194+00:00,2026-10-09 03:31:20.580194+00:00,2026-10-09 03:31:21.208378+00:00,0.724184,0.096,0.4001718600000004
load,3,8,2d343070-c056-4a96-a436-7032fdda6fef,bench-healthy-05,passed,1,2026-10-09 03:31:20.484194+00:00,2026-10-09 03:31:32.874279+00:00,2026-10-09 03:31:33.319601+00:00,12.835407,12.390085,0.40024122299996634
load,3,8,b4346e12-6b0e-4a7e-b279-15054f14de9b,bench-healthy-06,passed,1,2026-10-09 03:31:20.484194+00:00,2026-10-09 03:31:32.876727+00:00,2026-10-09 03:31:33.329016+00:00,12.844822,12.392533,0.3994753670001501
load,3,8,0ae64855-6483-4cfe-80a0-fe0a311dd46f,bench-healthy-07,passed,1,2026-10-09 03:31:20.484194+00:00,2026-10-09 03:31:33.308913+00:00,2026-10-09 03:31:33.749010+00:00,13.264816,12.824719,0.40027192499997
load,3,8,0e056cb4-03c0-4fd8-8d66-513cae1371a3,bench-healthy-08,passed,1,2026-10-09 03:31:20.484194+00:00,2026-10-09 03:31:33.324853+00:00,2026-10-09 03:31:33.767620+00:00,13.283426,12.840659,0.400044108999964
load,3,8,2e95f656-f97a-4a58-9c01-73639cd1d744,bench-healthy-09,passed,1,2026-10-09 03:31:20.484194+00:00,2026-10-09 03:31:33.342974+00:00,2026-10-09 03:31:33.788086+00:00,13.303892,12.85878,0.4005881489999865
load,3,8,1477a6d3-972a-4915-ae49-36f546389eaf,bench-healthy-10,passed,1,2026-10-09 03:31:20.484194+00:00,2026-10-09 03:31:33.359819+00:00,2026-10-09 03:31:33.793371+00:00,13.309177,12.875625,0.4004109359998438
load,3,8,e386cc79-ea21-4c4d-aeb1-055064650150,bench-healthy-11,passed,1,2026-10-09 03:31:20.484194+00:00,2026-10-09 03:31:33.773688+00:00,2026-10-09 03:31:34.234408+00:00,13.750214,13.289494,0.4003672329999972
load,3,8,dcf9e5e8-922e-4716-abc2-81ec57fbc63b,bench-healthy-12,passed,1,2026-10-09 03:31:20.484194+00:00,2026-10-09 03:31:36.880063+00:00,2026-10-09 03:31:44.312839+00:00,23.828645,16.395869,0.3992962019999595
load,3,8,29ba8921-a6cc-473e-8b45-6046f33d5af9,bench-healthy-13,passed,1,2026-10-09 03:31:20.484194+00:00,2026-10-09 03:31:43.912244+00:00,2026-10-09 03:31:45.453960+00:00,24.969766,23.42805,0.40159074600001077
load,3,8,66485028-3153-454c-9144-84ff38c33f2d,bench-healthy-14,passed,1,2026-10-09 03:31:20.484194+00:00,2026-10-09 03:31:43.879968+00:00,2026-10-09 03:31:44.412259+00:00,23.928065,23.395774,0.3996163209999395
load,3,8,8a7ded8d-4007-4458-82f7-c8f171eb10b8,bench-healthy-15,passed,1,2026-10-09 03:31:20.484194+00:00,2026-10-09 03:31:43.919267+00:00,2026-10-09 03:31:45.419117+00:00,24.934923,23.435073,0.40009925200001817
load,3,8,1a7f90c8-4531-4d38-a6a4-a4cd9e4dc9cf,bench-healthy-16,passed,1,2026-10-09 03:31:20.484194+00:00,2026-10-09 03:31:28.788604+00:00,2026-10-09 03:31:33.296978+00:00,12.812784,8.30441,0.40040133499996955
load,4,8,c5849c30-e96c-4d4b-af26-6d0c5c327cd2,bench-healthy-01,running,1,2026-10-09 03:31:45.672369+00:00,2026-10-09 03:31:45.704590+00:00,,,0.032221,
load,4,8,2f342e33-cb07-4ace-b534-a5a5f01e0ef1,bench-healthy-02,queued,0,2026-10-09 03:31:45.672369+00:00,,,,,
load,4,8,9c07e363-0896-4104-a706-5c9b2d5c7052,bench-healthy-03,queued,0,2026-10-09 03:31:45.672369+00:00,,,,,
load,4,8,365312bd-7f85-49ad-9b95-891ff08bd2f9,bench-healthy-04,queued,0,2026-10-09 03:31:45.672369+00:00,,,,,
load,4,8,6b648cf4-4c26-4418-ab9c-450753a35e48,bench-healthy-05,queued,0,2026-10-09 03:31:45.672369+00:00,,,,,
load,4,8,b6fbb6f9-6751-48e3-9212-72e9a706fe2e,bench-healthy-06,queued,0,2026-10-09 03:31:45.672369+00:00,,,,,
load,4,8,9af0f730-41c5-4420-b3f6-7ebed8f0abff,bench-healthy-07,queued,0,2026-10-09 03:31:45.672369+00:00,,,,,
load,4,8,ac803e1d-1ea8-41e6-a1d2-89097c9c0571,bench-healthy-08,queued,0,2026-10-09 03:31:45.672369+00:00,,,,,
load,4,8,c347a5a9-353d-40f7-a1a9-c4d6836b7cef,bench-healthy-09,queued,0,2026-10-09 03:31:45.672369+00:00,,,,,
load,4,8,7dc6bbe6-4bb7-4d92-a551-3e201f2593d9,bench-healthy-10,queued,0,2026-10-09 03:31:45.672369+00:00,,,,,
load,4,8,0a299729-26d1-4b8d-a5ed-bb60468f5f5c,bench-healthy-11,queued,0,2026-10-09 03:31:45.672369+00:00,,,,,
load,4,8,94948091-0e1e-4748-8764-f3f7a5551ef3,bench-healthy-12,queued,0,2026-10-09 03:31:45.672369+00:00,,,,,
load,4,8,ecb62661-c97f-43b6-9279-15847b80efbb,bench-healthy-13,queued,0,2026-10-09 03:31:45.672369+00:00,,,,,
load,4,8,68db7fc8-d7bb-44c5-9682-2846cec30598,bench-healthy-14,queued,0,2026-10-09 03:31:45.672369+00:00,,,,,
load,4,8,737b0e37-f649-4545-ba81-38ef4b1e8c20,bench-healthy-15,queued,0,2026-10-09 03:31:45.672369+00:00,,,,,
load,4,8,0fc1e0fc-d892-4a8d-a1cd-c5cebcd218e3,bench-healthy-16,queued,0,2026-10-09 03:31:45.672369+00:00,,,,,
load,5,8,be686700-f2bf-4676-9438-c5f7617f1934,bench-healthy-01,passed,1,2026-10-09 03:32:56.055961+00:00,2026-10-09 03:32:56.130281+00:00,2026-10-09 03:32:56.666837+00:00,0.610876,0.07432,0.4009837979999702
load,5,8,cd1209a4-7eaf-4d3c-9a14-adb6b90286c3,bench-healthy-02,passed,1,2026-10-09 03:32:56.055961+00:00,2026-10-09 03:32:56.145301+00:00,2026-10-09 03:32:56.688989+00:00,0.633028,0.08934,0.4010002989998611
load,5,8,630385db-2aa4-4a45-ab97-b7a47a01fd21,bench-healthy-03,running,1,2026-10-09 03:32:56.055961+00:00,2026-10-09 03:33:09.317051+00:00,,,13.26109,
load,5,8,ecb98729-d3d9-4dca-8d1a-c68c5cdc5438,bench-healthy-04,passed,1,2026-10-09 03:32:56.055961+00:00,2026-10-09 03:33:09.317024+00:00,2026-10-09 03:33:09.795131+00:00,13.73917,13.261063,0.39998711799989906
load,5,8,d29321b6-9a54-491c-9071-b3e5e47a5091,bench-healthy-05,queued,0,2026-10-09 03:32:56.055961+00:00,,,,,
load,5,8,75e5be4f-0ca4-4cea-94cb-585a68886a78,bench-healthy-06,queued,0,2026-10-09 03:32:56.055961+00:00,,,,,
load,5,8,f498770f-0f74-4d8b-a609-d1c3d4332576,bench-healthy-07,queued,0,2026-10-09 03:32:56.055961+00:00,,,,,
load,5,8,2f90bc99-b1b7-413e-9e22-d34507dfac3c,bench-healthy-08,queued,0,2026-10-09 03:32:56.055961+00:00,,,,,
load,5,8,79a7ce38-75d5-42ec-84c5-84e62e79657c,bench-healthy-09,queued,0,2026-10-09 03:32:56.055961+00:00,,,,,
load,5,8,2a7c8b96-4bcd-4398-85bb-432e382039ba,bench-healthy-10,queued,0,2026-10-09 03:32:56.055961+00:00,,,,,
load,5,8,ffdeffe4-e78a-4b77-810c-8c0bc68731bf,bench-healthy-11,queued,0,2026-10-09 03:32:56.055961+00:00,,,,,
load,5,8,00fb08ee-ec08-44fc-baf2-1bc0c7d9b504,bench-healthy-12,queued,0,2026-10-09 03:32:56.055961+00:00,,,,,
load,5,8,b5fb4c51-1890-4cfa-83f6-789262a53884,bench-healthy-13,queued,0,2026-10-09 03:32:56.055961+00:00,,,,,
load,5,8,623ed04f-4b40-4aed-98f9-6c2134e4ddc5,bench-healthy-14,queued,0,2026-10-09 03:32:56.055961+00:00,,,,,
load,5,8,77601732-ade8-4b54-af20-b9b32286cb60,bench-healthy-15,passed,1,2026-10-09 03:32:56.055961+00:00,2026-10-09 03:33:03.306714+00:00,2026-10-09 03:33:09.769634+00:00,13.713673,7.250753,0.40097437600002195
load,5,8,37bae194-fa5c-469f-b36b-2a4ac34704a4,bench-healthy-16,running,1,2026-10-09 03:32:56.055961+00:00,2026-10-09 03:33:11.455915+00:00,,,15.399954,
transient,1,,22f8ec57-b832-41ce-81dc-937e48421d1f,sim-unreliable,passed,2,2026-10-09 03:35:02.314740+00:00,2026-10-09 03:35:02.373082+00:00,2026-10-09 03:35:03.875537+00:00,1.560797,0.058342,0.4005694400000266
transient,2,,c389ba55-5238-4e6c-b846-d90865801c23,sim-unreliable,passed,2,2026-10-09 03:35:04.017072+00:00,2026-10-09 03:35:04.032222+00:00,2026-10-09 03:35:05.487336+00:00,1.470264,0.01515,0.4001882200000182
transient,3,,a2285954-7b8e-4654-939f-fa847f3b598d,sim-unreliable,passed,2,2026-10-09 03:35:05.664098+00:00,2026-10-09 03:35:05.674884+00:00,2026-10-09 03:35:07.131794+00:00,1.467696,0.010786,0.4003286399999979
transient,4,,b7666fc7-c79d-4107-b965-d0738c8fdc29,sim-unreliable,passed,2,2026-10-09 03:35:07.308834+00:00,2026-10-09 03:35:07.323058+00:00,2026-10-09 03:35:08.802780+00:00,1.493946,0.014224,0.40006052600006115
transient,5,,cd525649-21a1-446c-98be-c2c4da6173e5,sim-unreliable,passed,2,2026-10-09 03:35:08.960905+00:00,2026-10-09 03:35:08.976052+00:00,2026-10-09 03:35:10.431696+00:00,1.470791,0.015147,0.39990871800000605
timeout,1,,ed705107-a73c-486a-8db8-605db16cb3eb,sim-slow,timed_out,3,2026-10-09 03:35:10.600730+00:00,2026-10-09 03:35:10.613421+00:00,2026-10-09 03:35:22.707104+00:00,12.106374,0.012691,3.0120344239999213
timeout,2,,ed84fa6c-a394-4230-a7b8-813fdfb58a4d,sim-slow,timed_out,3,2026-10-09 03:35:22.856761+00:00,2026-10-09 03:35:22.876025+00:00,2026-10-09 03:35:34.963850+00:00,12.107089,0.019264,3.0121859700000186
timeout,3,,e3f9387c-6469-463a-a8c1-aa6de7ecc93f,sim-slow,timed_out,3,2026-10-09 03:35:35.133872+00:00,2026-10-09 03:35:35.152477+00:00,2026-10-09 03:35:47.264349+00:00,12.130477,0.018605,3.0168845160001183
timeout,4,,8180e1d3-c341-46ab-912f-36b741f2791d,sim-slow,timed_out,3,2026-10-09 03:35:47.514001+00:00,2026-10-09 03:35:47.559925+00:00,2026-10-09 03:35:59.676619+00:00,12.162618,0.045924,3.0137880739998764
timeout,5,,d46036ed-7625-4b17-8b80-3cbb578e308f,sim-slow,timed_out,3,2026-10-09 03:35:59.801163+00:00,2026-10-09 03:35:59.823767+00:00,2026-10-09 03:36:11.933433+00:00,12.13227,0.022604,3.0151989450000656
worker_loss,1,,8db849ea-ddea-4a63-a23f-b6382a0706d2,bench-recovery,passed,2,2026-10-09 03:36:12.116185+00:00,2026-10-09 03:36:12.127157+00:00,2026-10-09 03:36:21.261477+00:00,9.145292,0.010972,2.0001759300000685
worker_loss,2,,56224314-dfe3-4796-95e3-a2eb8cc80a4d,bench-recovery,passed,2,2026-10-09 03:36:21.373184+00:00,2026-10-09 03:36:21.387948+00:00,2026-10-09 03:36:30.088804+00:00,8.71562,0.014764,2.0000170670000443
worker_loss,3,,a62f6187-c022-4c59-9430-82018123970f,bench-recovery,passed,2,2026-10-09 03:36:30.291572+00:00,2026-10-09 03:36:30.307587+00:00,2026-10-09 03:36:39.002672+00:00,8.7111,0.016015,2.00011731099994
worker_loss,4,,72d651c4-54e6-4460-8120-a00e7f436fd6,bench-recovery,passed,2,2026-10-09 03:36:39.141763+00:00,2026-10-09 03:36:39.151342+00:00,2026-10-09 03:36:47.911117+00:00,8.769354,0.009579,2.000239052000097
worker_loss,5,,f3c0b56a-72ff-405a-9c54-55331324d88d,bench-recovery,passed,2,2026-10-09 03:36:48.101317+00:00,2026-10-09 03:36:48.114837+00:00,2026-10-09 03:36:56.772212+00:00,8.670895,0.01352,1.9998833990000549
